Name,Season,Finalist,Voting Points,Winner,League Winner,UCL Winner,Cup Winner,Major International Continental Trophy Winner,World Cup Winner
Thibaut Courtois,2021-2022,1,82,0,1,1,0,0,0
Rafael Leao,2021-2022,1,2,0,1,0,0,0,0
Christopher Nkunku,2021-2022,1,0,0,0,0,1,0,0
Mohamed Salah,2021-2022,1,116,0,0,0,1,0,0
Joshua Kimmich,2021-2022,1,0,0,1,0,0,0,0
Trent Alexander-Arnold,2021-2022,1,0,0,0,0,1,0,0
Vinicius Junior,2021-2022,1,61,0,1,1,0,0,0
Bernardo Silva,2021-2022,1,0,0,1,0,0,0,0
Riyad Mahrez,2021-2022,1,4,0,1,0,0,0,0
Casemiro,2021-2022,1,1,0,1,1,0,0,0
Son Heung-min,2021-2022,1,5,0,0,0,0,0,0
Fabinho,2021-2022,1,2,0,0,0,1,0,0
Karim Benzema,2021-2022,1,549,1,1,1,0,0,0
Robert Lewandowski,2021-2022,1,170,0,1,0,0,0,0
Mike Maignan,2021-2022,1,0,0,1,0,0,0,0
Harry Kane,2021-2022,1,0,0,0,0,0,0,0
Darwin Nunez,2021-2022,1,0,0,0,0,0,0,0
Phil Foden,2021-2022,1,0,0,1,0,0,0,0
Sadio Mane,2021-2022,1,193,0,0,0,1,1,0
Sebastien Haller,2021-2022,1,2,0,1,0,0,0,0
Kylian Mbappe,2021-2022,1,85,0,1,0,0,0,0
Luka Modric,2021-2022,1,20,0,1,1,0,0,0
Antonio Rudiger,2021-2022,1,0,0,0,0,0,0,0
Cristiano Ronaldo,2021-2022,1,0,0,0,0,0,0,0
Kevin De Bruyne,2021-2022,1,175,0,1,0,0,0,0
Luis Diaz,2021-2022,1,1,0,1,0,1,0,0
Dusan Vlahovic,2021-2022,1,1,0,0,0,0,0,0
Joao Cancelo,2021-2022,1,0,0,1,0,0,0,0
Erling Haaland,2021-2022,1,18,0,0,0,0,0,0
Virgil van Dijk,2021-2022,1,1,0,0,0,1,0,0
Julian Alvarez,2022-2023,1,28,0,1,1,1,0,1
Nicolo Barella,2022-2023,1,0,0,0,0,1,0,0
Jude Bellingham,2022-2023,1,5,0,0,0,0,0,0
Karim Benzema,2022-2023,1,6,0,0,0,1,0,0
Yassine Bounou,2022-2023,1,10,0,0,0,0,0,0
Kevin De Bruyne,2022-2023,1,100,0,1,1,1,0,0
Ruben Dias,2022-2023,1,0,0,1,1,1,0,0
Antoine Griezmann,2022-2023,1,4,0,0,0,0,0,0
Ilkay Gundogan,2022-2023,1,8,0,1,1,1,0,0
Josko Gvardiol,2022-2023,1,1,0,0,0,1,0,0
Erling Haaland,2022-2023,1,357,0,1,1,1,0,0
Harry Kane,2022-2023,1,4,0,0,0,0,0,0
Kim Min-jae,2022-2023,1,3,0,1,0,0,0,0
Kylian Mbappe,2022-2023,1,270,0,1,0,0,0,0
Lautaro Martinez,2022-2023,1,4,0,0,0,1,0,1
Lionel Messi,2022-2023,1,462,1,1,0,0,0,1
Khvicha Kvaratskhelia,2022-2023,1,6,0,1,0,0,0,0
Victor Osimhen,2022-2023,1,24,0,1,0,0,0,0
Andre Onana,2022-2023,1,2,0,0,0,1,0,0
Bukayo Saka,2022-2023,1,1,0,0,0,0,0,0
Mohamed Salah,2022-2023,1,13,0,0,0,0,0,0
Bernardo Silva,2022-2023,1,20,0,1,1,1,0,0
Vinicius Junior,2022-2023,1,49,0,0,0,1,0,0
Jamal Musiala,2022-2023,1,0,0,1,0,0,0,0
Randal Kolo Muani,2022-2023,1,0,0,0,0,0,0,0
Rodri,2022-2023,1,57,0,1,1,1,0,0
Emiliano Martinez,2022-2023,1,7,0,0,0,0,0,1
Martin Odegaard,2022-2023,1,0,0,0,0,0,0,0
Luka Modric,2022-2023,1,19,0,0,0,1,0,0
Robert Lewandowski,2022-2023,1,12,0,1,0,0,0,0
Jude Bellingham,2023-2024,1,917,0,1,1,0,0,0
Hakan Calhanoglu,2023-2024,1,15,0,1,0,0,0,0
Dani Carvajal,2023-2024,1,550,0,1,1,0,1,0
Ruben Dias,2023-2024,1,8,0,1,0,0,0,0
Artem Dovbyk,2023-2024,1,0,0,0,0,0,0,0
Phil Foden,2023-2024,1,157,0,1,0,0,0,0
Alex Grimaldo,2023-2024,1,2,0,1,0,1,1,0
Erling Haaland,2023-2024,1,432,0,1,0,0,0,0
Mats Hummels,2023-2024,1,0,0,0,0,0,0,0
Harry Kane,2023-2024,1,201,0,0,0,0,0,0
Toni Kroos,2023-2024,1,291,0,1,1,0,0,0
Ademola Lookman,2023-2024,1,82,0,0,0,0,0,0
Emiliano Martinez,2023-2024,1,28,0,0,0,0,1,0
Lautaro Martinez,2023-2024,1,402,0,1,0,0,1,0
Kylian Mbappe,2023-2024,1,420,0,1,0,1,0,0
Martin Odegaard,2023-2024,1,16,0,0,0,0,0,0
Dani Olmo,2023-2024,1,86,0,0,0,0,1,0
Cole Palmer,2023-2024,1,7,0,0,0,0,0,0
Declan Rice,2023-2024,1,5,0,0,0,0,0,0
Rodri,2023-2024,1,1170,1,1,0,0,1,0
Antonio Rudiger,2023-2024,1,13,0,1,1,0,0,0
Bukayo Saka,2023-2024,1,14,0,0,0,0,0,0
William Saliba,2023-2024,1,8,0,0,0,0,0,0
Federico Valverde,2023-2024,1,58,0,1,1,0,0,0
Vinicius Junior,2023-2024,1,1129,0,1,1,0,0,0
Vitinha,2023-2024,1,5,0,1,0,1,0,0
Nico Williams,2023-2024,1,73,0,0,0,1,1,0
Florian Wirtz,2023-2024,1,101,0,1,0,1,0,0
Granit Xhaka,2023-2024,1,60,0,1,0,1,0,0
Lamine Yamal,2023-2024,1,383,0,0,0,0,1,0
Jude Bellingham,2024-2025,1,21,0,0,0,0,0,0
Raphinha,2024-2025,1,620,0,1,0,1,0,0
Achraf Hakimi,2024-2025,1,484,0,1,1,1,0,0
Cole Palmer,2024-2025,1,211,0,0,0,0,0,0
Gianluigi Donnarumma,2024-2025,1,172,0,1,1,1,0,0
Nuno Mendes,2024-2025,1,171,0,1,1,1,0,0
Pedri,2024-2025,1,124,0,1,0,1,0,0
Desire Doue,2024-2025,1,74,0,1,1,1,0,0
Erling Haaland,2024-2025,1,18,0,0,0,0,0,0
Viktor Gyokeres,2024-2025,1,56,0,1,0,1,0,0
Robert Lewandowski,2024-2025,1,49,0,1,0,1,0,0
Scott McTominay,2024-2025,1,45,0,1,0,0,0,0
Joao Neves,2024-2025,1,40,0,1,1,1,0,0
Serhou Guirassy,2024-2025,1,25,0,0,0,0,0,0
Alexis Mac Allister,2024-2025,1,21,0,1,0,0,0,0
Harry Kane,2024-2025,1,112,0,1,0,0,0,0
Fabian Ruiz Pena,2024-2025,1,20,0,1,1,1,0,0
Denzel Dumfries,2024-2025,1,20,0,0,0,0,0,0
Khvicha Kvaratskhelia,2024-2025,1,123,0,1,1,1,0,0
Kylian Mbappe,2024-2025,1,378,0,0,0,0,0,0
Lamine Yamal,2024-2025,1,1059,0,1,0,1,0,0
Lautaro Martinez,2024-2025,1,37,0,0,0,0,0,0
Declan Rice,2024-2025,1,13,0,0,0,0,0,0
Virgil van Dijk,2024-2025,1,7,0,1,0,0,0,0
Mohamed Salah,2024-2025,1,657,0,1,0,0,0,0
Ousmane Dembele,2024-2025,1,1380,1,1,1,1,0,0
Florian Wirtz,2024-2025,1,5,0,0,0,0,0,0
Michael Olise,2024-2025,1,4,0,1,0,0,0,0
Vinicius Junior,2024-2025,1,51,0,0,0,0,0,0
Vitinha,2024-2025,1,703,0,1,1,1,0,0
