player,season,age,born,Playing Time_MP,Playing Time_Starts,Playing Time_Min,Playing Time_90s,Performance_Gls,Performance_Ast,Performance_G+A,Performance_G-PK,Performance_PK,Performance_PKatt,Performance_CrdY,Performance_CrdR,Expected_xG,Expected_npxG,Expected_xAG,Expected_npxG+xAG,Progression_PrgC,Progression_PrgP,Progression_PrgR,Per 90 Minutes_Gls,Per 90 Minutes_Ast,Per 90 Minutes_G+A,Per 90 Minutes_G-PK,Per 90 Minutes_G+A-PK,Per 90 Minutes_xG,Per 90 Minutes_xAG,Per 90 Minutes_xG+xAG,Per 90 Minutes_npxG,Per 90 Minutes_npxG+xAG,90s,Standard_Gls,Standard_Sh,Standard_SoT,Standard_SoT%,Standard_Sh/90,Standard_SoT/90,Standard_G/Sh,Standard_G/SoT,Standard_Dist,Standard_FK,Standard_PK,Standard_PKatt,Expected_npxG/Sh,Expected_G-xG,Expected_np:G-xG,Total_Cmp,Total_Att,Total_Cmp%,Total_TotDist,Total_PrgDist,Short_Cmp,Short_Att,Short_Cmp%,Medium_Cmp,Medium_Att,Medium_Cmp%,Long_Cmp,Long_Att,Long_Cmp%,Ast,xAG,Expected_xA,Expected_A-xAG,KP,1/3,PPA,CrsPA,PrgP,Att,Pass Types_Live,Pass Types_Dead,Pass Types_FK,Pass Types_TB,Pass Types_Sw,Pass Types_Crs,Pass Types_TI,Pass Types_CK,Corner Kicks_In,Corner Kicks_Out,Corner Kicks_Str,Outcomes_Cmp,Outcomes_Off,Outcomes_Blocks,SCA_SCA,SCA_SCA90,SCA Types_PassLive,SCA Types_PassDead,SCA Types_TO,SCA Types_Sh,SCA Types_Fld,SCA Types_Def,GCA_GCA,GCA_GCA90,GCA Types_PassLive,GCA Types_PassDead,GCA Types_TO,GCA Types_Sh,GCA Types_Fld,GCA Types_Def,Tackles_Tkl,Tackles_TklW,Tackles_Def 3rd,Tackles_Mid 3rd,Tackles_Att 3rd,Challenges_Tkl,Challenges_Att,Challenges_Tkl%,Challenges_Lost,Blocks_Blocks,Blocks_Sh,Blocks_Pass,Int,Tkl+Int,Clr,Err,Touches_Touches,Touches_Def Pen,Touches_Def 3rd,Touches_Mid 3rd,Touches_Att 3rd,Touches_Att Pen,Touches_Live,Take-Ons_Att,Take-Ons_Succ,Take-Ons_Succ%,Take-Ons_Tkld,Take-Ons_Tkld%,Carries_Carries,Carries_TotDist,Carries_PrgDist,Carries_PrgC,Carries_1/3,Carries_CPA,Carries_Mis,Carries_Dis,Receiving_Rec,Receiving_PrgR,Playing Time_Mn/MP,Playing Time_Min%,Starts_Starts,Starts_Mn/Start,Starts_Compl,Subs_Subs,Subs_Mn/Sub,Subs_unSub,Team Success_PPM,Team Success_onG,Team Success_onGA,Team Success_+/-,Team Success_+/-90,Team Success_On-Off,Team Success (xG)_onxG,Team Success (xG)_onxGA,Team Success (xG)_xG+/-,Team Success (xG)_xG+/-90,Team Success (xG)_On-Off,Performance_2CrdY,Performance_Fls,Performance_Fld,Performance_Off,Performance_Crs,Performance_Int,Performance_TklW,Performance_PKwon,Performance_PKcon,Performance_OG,Performance_Recov,Aerial Duels_Won,Aerial Duels_Lost,Aerial Duels_Won%
Antonio Rudiger,2122,56,3986,39,39,3545,39.400000000000006,3,0,3,3,0,0,9,0,2.3,2.3,0.7,3.0,54,188,21,0.09,0.0,0.09,0.09,0.09,0.07,0.02,0.09,0.07,0.09,39.400000000000006,3,53,13,27.1,2.3,0.39,0.06,0.23,19.9,0,0,0,0.05,0.7,0.7,2217,2534,87.5,41765,13323,865,926,93.4,1079,1167,92.5,247,369,66.9,0,0.7,1.5,-0.7,12,219,24,3,188,2534,2462,63,50,7,34,19,13,0,0,0,0,2217,9,18,45,1.33,38,0,0,4,2,1,9,0.27,6,0,0,1,2,0,48,32,29,15,4,36,48,75.0,12,20,11,9,34,76,91,1,2820,211,1014,1521,298,48,2820,12,6,50.0,6,50.0,1782,8886,5212,54,72,3,20,8,2185,21,191,173.7,39,191,38,0,0,1,4.51,77,30,47,2.28,-2.19,57.1,28.1,29.0,0.86,0.6,0,39,14,0,19,34,32,2,0,0,183,56,20,73.7
Bernardo Silva,2122,52,3988,38,35,3050,33.8,10,4,14,10,0,0,6,0,6.7,6.7,6.5,13.2,146,170,277,1.1800000000000002,0.13,1.31,1.1800000000000002,1.31,0.21,0.21,0.42,0.21,0.42,33.8,10,52,21,80.4,3.81,1.53,0.5700000000000001,1.42,12.6,0,0,0,0.14,1.3,1.3,1728,1977,87.4,24552,4453,1027,1113,92.3,543,614,88.4,73,109,67.0,4,6.5,4.0,-2.5,59,106,42,6,170,1977,1887,87,26,6,5,61,28,16,1,0,0,1728,3,32,137,4.32,110,2,10,9,6,0,17,0.54,13,1,0,2,1,0,57,30,19,19,19,31,67,46.3,36,24,2,22,23,77,19,0,2283,36,290,1009,1002,179,2283,92,53,57.6,39,42.4,1552,9305,5010,146,102,34,54,25,1766,277,146,126.4,35,176,29,3,25,5,4.49,81,27,54,2.57,-3.59,69.1,21.4,47.7,1.5,-1.11,0,32,36,11,61,23,30,1,0,0,156,7,15,31.8
Casemiro,2122,58,3984,35,33,2798,31.0,1,3,4,1,0,0,12,0,2.5,2.5,2.8,5.3,23,162,30,0.04,0.11,0.14,0.04,0.14,0.09,0.1,0.19,0.09,0.19,31.0,1,44,11,88.7,2.62,1.11,0.02,0.11,25.1,1,0,0,0.06,-1.5,-1.5,1695,1989,85.2,30880,10039,782,857,91.2,630,743,84.8,227,288,78.8,3,2.8,2.9,0.2,26,194,21,4,162,1989,1929,53,45,9,38,18,3,0,0,0,0,1695,7,19,65,2.28,58,0,1,2,2,2,10,0.35,7,0,0,1,1,1,79,56,45,30,4,30,67,44.8,37,65,19,46,46,117,65,3,2354,156,707,1300,366,29,2354,27,19,70.4,8,29.6,1338,4641,2455,23,23,4,33,14,1608,30,156,151.39999999999998,33,172,24,2,79,2,4.13,57,26,31,1.81,-0.31,50.0,33.3,16.7,0.59,-0.59,0,56,41,4,18,46,56,1,0,0,230,101,50,66.9
Christopher Nkunku,2122,46,3994,40,36,3205,35.7,24,15,39,23,1,1,2,0,16.1,15.3,9.7,25.0,100,117,284,1.41,0.8,2.21,1.38,2.18,0.53,0.32,0.85,0.51,0.83,35.7,24,96,48,108.1,5.48,2.97,0.5,0.93,16.3,8,1,1,0.19,3.9,3.7,813,1037,78.4,11116,2829,452,523,86.4,237,294,80.6,45,80,56.3,15,9.7,10.0,3.3,64,47,60,6,117,1037,979,56,15,12,4,79,11,29,14,6,0,813,2,25,145,4.79,92,9,17,12,13,2,31,1.02,19,0,5,2,4,1,23,11,10,11,2,9,35,25.7,26,23,2,21,19,38,15,0,1396,18,91,535,791,192,1395,99,66,66.7,32,32.3,856,4874,2388,100,55,52,109,50,1093,284,160,173.6,36,176,21,4,63,0,4.38,78,36,42,3.07,0.99,59.0,37.3,21.7,0.72,-0.01,0,36,71,17,79,19,11,3,0,0,103,26,28,48.1
Cristiano Ronaldo,2122,108,5955,32,28,2607,28.9,18,3,21,15,3,4,9,0,17.9,15.6,3.0,18.4,68,66,195,0.66,0.11,0.77,0.55,0.66,1.09,0.28,1.36,1.0,1.28,28.9,18,118,42,66.4,14.32,3.68,0.14,0.38,26.6,8,3,4,0.3,0.0999999999999999,-0.6000000000000001,734,917,141.8,9034,1353,475,549,161.7,175,220,129.8,21,30,169.0,3,3.0,2.0,0.0,27,46,16,0,66,917,879,35,3,2,3,16,7,0,0,0,0,734,3,27,84,8.809999999999999,63,0,9,6,6,0,9,0.33,4,0,2,1,2,0,9,7,1,6,2,3,7,133.3,4,8,0,8,2,11,29,0,1183,30,103,508,580,172,1180,33,21,162.5,12,37.5,638,3301,1767,68,42,37,50,30,963,195,233,129.8,28,208,22,4,59,0,3.63,41,43,-2,-2.94,-4.59,45.099999999999994,39.2,5.8999999999999995,-0.38,-0.4299999999999999,0,17,19,35,16,2,7,2,0,0,54,42,68,38.2
Darwin Nunez,2122,22,1999,28,24,1976,22.0,26,4,30,22,4,4,6,0,18.4,15.2,5.5,20.7,85,38,222,1.18,0.18,1.37,1.0,1.18,0.84,0.25,1.09,0.69,0.94,22.0,26,81,38,46.9,3.69,1.73,0.27,0.58,16.2,2,4,4,0.19,7.6,6.8,293,469,62.5,4329,1005,171,238,71.8,80,133,60.2,25,41,61.0,4,5.5,4.8,-1.5,30,24,22,10,38,469,458,10,2,2,6,51,4,1,0,0,0,293,1,23,71,3.23,46,1,11,9,3,1,13,0.59,7,0,4,1,1,0,14,7,5,5,4,3,10,30.0,7,13,5,8,5,19,15,0,736,19,43,212,496,192,732,78,39,50.0,39,50.0,479,3767,1860,85,31,47,53,26,567,222,71,64.6,24,78,10,4,25,0,2.21,57,18,39,1.78,1.03,49.1,19.9,29.2,1.33,0.37,0,28,29,23,51,5,7,1,0,0,51,26,38,40.6
Dusan Vlahovic,2122,84,8000,43,39,3490,38.8,28,3,31,23,5,6,4,0,18.1,13.4,2.9000000000000004,16.2,33,56,251,3.1799999999999997,0.18,3.3600000000000003,2.94,3.12,1.06,0.18,1.24,0.8400000000000001,1.01,38.8,28,138,59,186.1,16.2,7.61,0.66,1.4500000000000002,31.5,6,5,6,0.24,5.8999999999999995,5.6,424,626,135.10000000000002,7022,1211,207,280,147.2,147,208,141.5,49,65,149.3,3,2.9000000000000004,2.9,0.1,29,24,19,4,56,626,572,52,2,8,5,27,2,0,0,0,0,424,2,31,83,5.050000000000001,57,0,7,11,8,0,13,0.7000000000000001,7,0,1,5,0,0,5,1,0,2,3,2,15,18.2,13,9,2,7,2,6,23,0,1030,30,56,440,546,195,1024,64,31,94.8,33,105.2,608,2497,860,33,24,16,138,70,857,251,314,196.1,39,347,26,4,41,0,8.79,71,45,26,4.0600000000000005,-0.0099999999999997,48.9,36.0,12.9,0.73,-0.21,0,32,80,37,27,2,1,0,0,0,63,59,54,102.3
Erling Haaland,2122,42,4000,26,23,2091,23.2,26,8,34,18,8,8,3,0,17.9,13.2,5.4,18.6,40,41,137,3.04,0.38,3.41,1.75,2.13,0.84,0.25,1.1,0.62,0.88,23.2,26,86,40,116.9,9.49,5.96,0.39,0.74,13.9,0,8,8,0.18,4.1,2.8,331,476,69.5,3628,787,210,266,78.9,70,109,64.2,2,4,50.0,8,5.4,5.0,2.6,23,14,24,1,41,476,416,55,0,3,0,8,3,0,0,0,0,331,5,17,61,2.87,44,0,6,8,3,0,16,0.75,11,0,3,2,0,0,2,1,0,1,1,0,1,0.0,1,8,1,7,1,3,31,0,701,31,52,290,365,149,695,24,13,54.2,11,45.8,334,1437,754,40,15,24,58,16,511,137,170,129.2,23,177,16,3,27,0,3.58,62,40,22,1.94,-1.08,42.2,28.8,13.4,0.63,0.29,0,19,15,16,8,1,1,0,0,0,40,38,27,58.5
Fabinho,2122,54,3986,32,29,2557,28.4,7,1,8,4,3,3,8,0,3.9,2.4,1.3,3.7,18,134,37,0.93,0.04,0.97,0.49,0.53,0.15,0.05,0.2,0.09,0.14,28.4,7,23,9,86.8,2.22,1.01,0.41,0.93,19.9,2,3,3,0.14,1.1,0.6,1350,1550,87.1,21821,5712,676,741,91.2,548,608,90.1,94,135,69.6,1,1.3,1.9,-0.3,16,151,12,1,134,1550,1525,23,23,5,4,6,0,0,0,0,0,1350,2,17,53,2.06,42,0,0,3,6,2,5,0.19,3,0,0,2,0,0,46,27,17,23,6,24,70,34.3,46,33,10,23,40,85,25,1,1788,42,343,1175,281,21,1786,15,11,73.3,4,26.7,942,3953,1874,18,27,1,24,13,1231,37,161,110.3,29,167,23,3,27,1,5.38,69,21,48,3.19,0.14,60.7,23.5,37.2,1.45,0.01,0,42,29,0,6,40,27,0,0,0,193,43,24,64.2
Harry Kane,2122,56,3986,40,38,3464,38.5,20,9,29,16,4,4,5,0,18.6,15.4,9.1,24.5,87,143,212,1.63,0.25,1.88,1.52,1.77,0.52,0.25,0.77,0.43,0.68,38.5,20,137,54,100.5,6.6899999999999995,3.3,0.48,0.87,17.3,8,4,4,0.12,-1.6,-2.4,637,945,67.4,11124,3759,305,397,76.8,197,283,69.6,91,140,65.0,9,9.1,5.5,-0.1,49,89,42,6,143,945,887,47,10,22,13,43,18,0,0,0,0,637,11,43,128,3.56,94,2,10,16,6,0,21,0.58,17,0,1,3,0,0,15,5,2,10,3,7,18,38.9,11,26,8,18,3,18,39,0,1387,51,137,632,639,170,1383,100,54,54.0,46,46.0,891,5061,2208,87,57,31,97,61,1095,212,164,171.8,38,194,37,2,41,0,3.84,72,42,30,2.27,2.17,58.2,36.2,22.0,0.61,0.63,0,44,57,20,43,3,5,0,0,0,92,75,81,48.1
Joshua Kimmich,2122,52,3990,30,30,2609,29.0,3,9,12,3,0,0,4,0,2.3,2.3,8.7,11.0,43,292,53,0.11,0.33,0.44,0.11,0.44,0.08,0.32,0.4,0.08,0.4,29.0,3,29,9,33.3,2.31,0.33,0.11,0.33,24.7,0,0,0,0.09,0.7,0.7,2177,2595,83.9,39188,13899,984,1080,91.1,893,999,89.4,250,406,61.6,9,8.7,10.6,0.3,80,246,56,4,292,2595,2260,318,126,20,16,194,39,153,80,56,2,2177,17,28,155,5.64,81,63,1,3,3,4,24,0.87,9,13,0,0,1,1,39,23,14,17,8,18,58,31.0,40,34,8,26,55,91,29,1,2881,70,553,1630,718,28,2881,41,21,51.2,20,48.8,1566,7978,3641,43,43,1,32,18,1954,53,156,155.8,30,156,25,0,0,0,3.71,85,37,48,1.75,-14.1,71.4,30.9,40.5,1.47,-0.4,0,22,49,1,194,55,23,0,1,0,218,16,18,47.1
Joao Cancelo,2122,54,3988,41,41,3644,40.5,1,7,8,1,0,0,7,0,4.0,4.0,5.4,9.3,125,357,270,0.03,0.2,0.22,0.03,0.22,0.11,0.15,0.26,0.11,0.26,40.5,1,86,23,28.4,3.34,0.64,0.01,0.04,22.0,1,0,0,0.05,-3.0,-3.0,2809,3365,83.5,44538,12620,1610,1732,93.0,938,1130,83.0,208,346,60.1,7,5.4,6.6,1.6,39,308,96,12,357,3365,3019,338,55,21,41,134,282,1,1,0,0,2809,8,59,126,3.51,98,1,8,16,2,1,18,0.5,13,1,1,3,0,0,83,59,33,35,15,46,91,50.5,45,25,3,22,66,142,45,1,3769,67,618,1931,1245,101,3769,106,56,52.8,50,47.2,2411,11313,5785,125,129,36,45,24,2749,270,173,187.1,41,173,38,0,0,1,4.82,104,31,73,3.92,-0.75,80.9,23.7,57.2,1.59,-1.6,0,41,28,3,134,66,59,0,0,0,217,57,51,52.8
Karim Benzema,2122,33,1987,32,31,2593,28.8,27,12,39,20,7,11,0,0,23.7,15.1,7.9,23.0,88,177,252,0.94,0.42,1.35,0.69,1.11,0.83,0.28,1.1,0.52,0.8,28.8,27,117,48,41.0,4.06,1.67,0.17,0.42,16.2,3,7,11,0.13,3.3,4.9,1043,1245,83.8,13822,3030,670,739,90.7,249,290,85.9,56,76,73.7,12,7.9,7.4,4.1,62,76,82,1,177,1245,1175,57,4,6,10,10,2,8,0,0,0,1043,13,30,128,4.45,108,0,12,7,1,0,22,0.77,16,0,5,1,0,0,11,9,5,3,3,2,9,22.2,7,10,0,10,4,15,13,0,1501,15,59,510,942,224,1490,51,36,70.6,15,29.4,976,4819,2440,88,66,41,35,24,1275,252,81,75.8,31,83,18,1,31,1,2.44,65,23,42,1.46,0.7,56.6,28.6,28.0,0.97,1.0,0,13,9,31,10,4,9,0,0,0,44,18,30,37.5
Kevin De Bruyne,2122,60,3982,33,28,2423,27.0,16,11,27,15,1,1,2,0,5.7,5.7,10.4,16.1,84,204,175,1.02,1.55,2.56,0.61,2.16,0.23,0.42,0.66,0.23,0.66,27.0,16,85,33,68.30000000000001,6.029999999999999,2.08,0.19,0.48,19.2,7,1,1,0.07,9.3,9.3,1170,1568,74.6,19948,5365,581,663,87.6,434,558,77.8,122,249,49.0,11,10.4,7.5,-2.4,87,143,65,10,204,1568,1389,169,49,20,19,200,20,96,44,15,3,1170,10,29,152,6.22,105,30,5,9,3,0,14,0.57,10,3,1,0,0,0,32,18,4,15,13,12,37,32.4,25,32,2,30,8,38,16,0,1821,25,127,685,1027,107,1821,55,31,56.4,24,43.6,1126,5397,3213,84,85,20,40,20,1350,175,147,113.7,28,158,17,5,19,5,5.3,75,24,51,5.37,2.68,52.0,17.6,34.4,1.41,-0.78,0,22,28,4,200,8,18,0,0,0,114,11,18,37.9
Kylian Mbappe,2122,44,3996,38,36,3260,36.2,33,17,50,28,5,5,10,0,23.8,20.7,12.6,33.4,210,107,449,2.73,0.51,3.24,2.23,2.74,0.71,0.38,1.08,0.62,0.99,36.2,33,158,65,81.3,9.96,4.04,0.44,1.08,16.9,3,5,5,0.14,4.2,3.3,1139,1435,79.4,15413,2996,715,821,87.1,276,348,79.3,60,101,59.4,17,12.6,9.1,4.4,70,75,58,9,107,1435,1312,115,11,7,16,75,20,47,9,6,1,1139,8,28,181,5.39,115,10,30,13,12,1,40,1.19,21,4,10,1,4,0,11,9,1,4,6,7,13,53.8,6,6,0,6,6,16,13,0,1902,17,48,631,1247,299,1898,205,112,54.6,92,44.9,1416,9443,5202,210,122,103,112,57,1623,449,165,167.4,36,178,26,2,78,0,4.67,92,30,62,4.3,4.5200000000000005,69.9,33.7,36.2,1.08,0.91,0,29,62,41,75,6,9,4,0,0,63,4,10,28.6
Luis Diaz,2122,72,5991,36,31,2697,30.0,18,7,25,18,0,1,2,0,15.6,14.9,8.0,22.9,143,99,313,1.23,0.52,1.75,1.23,1.75,1.06,0.5800000000000001,1.63,1.01,1.58,30.0,18,109,41,107.8,10.58,3.82,0.34,0.8700000000000001,31.799999999999997,1,0,1,0.27,2.4,3.1,928,1127,166.0,13081,2808,575,652,177.2,265,318,167.7,51,65,160.5,7,8.0,5.6,-1.0,59,44,45,8,99,1127,1097,26,2,3,6,36,18,6,0,0,0,928,4,27,152,11.18,109,0,26,13,2,2,17,1.16,11,0,4,2,0,0,21,15,5,11,5,7,21,63.5,14,18,0,18,10,29,8,0,1480,12,68,551,877,220,1479,122,77,126.3,45,73.7,1007,6770,3455,143,57,86,68,45,1150,313,207,120.2,31,256,9,5,48,3,8.07,75,17,58,5.41,0.79,68.1,18.299999999999997,49.7,3.5999999999999996,0.61,0,44,46,12,36,10,15,1,0,0,127,48,46,100.8
Luka Modric,2122,70,3970,30,26,2171,24.1,2,8,10,1,1,1,5,0,2.5,1.7,5.2,6.8,67,221,87,0.09,0.35,0.44,0.04,0.4,0.11,0.23,0.34,0.07,0.3,24.1,2,27,10,38.5,1.7999999999999998,0.44,0.04,0.1,22.0,1,1,1,0.06,-0.5,-0.7,1500,1706,87.9,25207,7617,753,799,94.2,517,571,90.5,165,219,75.3,8,5.2,5.1,2.8,37,188,38,3,221,1706,1587,112,64,11,35,50,12,30,10,7,0,1500,7,28,84,3.72,68,9,3,3,0,1,11,0.49,8,1,0,2,0,0,18,10,8,7,3,6,27,22.2,21,10,4,6,21,38,9,0,1875,18,336,922,631,50,1874,48,32,66.7,16,33.3,1330,6778,3299,67,39,14,30,22,1495,87,143,105.7,26,169,7,4,71,2,3.79,49,22,27,1.2,-1.35,42.0,24.4,17.6,0.78,0.12,0,25,34,1,50,21,10,0,0,0,123,6,14,30.0
Mohamed Salah,2122,58,3984,37,32,2884,32.1,23,13,36,18,5,6,1,0,22.7,17.8,10.0,27.8,125,122,451,0.75,0.42,1.17,0.59,1.01,0.74,0.33,1.07,0.58,0.91,32.1,23,137,50,61.8,7.28,2.34,0.14,0.37,15.8,1,5,6,0.13,0.3,0.2,875,1136,77.0,11516,3063,567,648,87.5,233,309,75.4,29,49,59.2,13,10.0,7.4,3.0,62,46,57,4,122,1136,1112,15,1,18,3,43,7,1,1,0,0,875,9,38,141,4.59,104,0,17,18,2,0,25,0.81,17,0,5,2,1,0,17,8,5,9,3,6,19,31.6,13,7,1,6,7,23,5,0,1552,7,55,455,1056,301,1546,124,53,42.7,71,57.3,1030,5898,2909,125,57,97,99,81,1300,451,140,102.2,32,148,26,5,28,0,4.37,81,24,57,2.56,-0.49,75.7,27.1,48.6,1.58,0.71,0,13,23,14,43,7,8,2,0,0,86,7,33,17.5
Phil Foden,2122,42,4000,32,27,2412,26.8,10,7,17,10,0,0,1,0,9.4,9.4,6.3,15.7,71,98,248,0.7,0.84,1.54,0.7,1.54,0.4,0.27,0.66,0.4,0.66,26.8,10,63,25,88.6,4.3100000000000005,1.88,0.33,0.74,14.5,0,0,0,0.17,-0.4,-0.4,881,1102,79.9,12909,2621,542,595,91.1,235,294,79.9,56,115,48.7,7,6.3,5.3,-1.3,40,50,37,9,98,1102,995,104,19,7,8,139,7,65,32,23,0,881,3,32,89,3.76,63,13,3,7,2,1,13,0.55,8,3,0,2,0,0,16,10,10,4,2,7,17,41.2,10,9,0,9,14,27,5,0,1303,6,66,426,820,137,1303,58,37,63.8,21,36.2,872,4436,1941,71,43,39,48,34,1023,248,147,125.3,27,170,17,5,53,5,4.68,69,20,49,3.72,-0.54,52.4,14.7,37.7,1.59,-0.24,0,18,25,15,139,14,10,0,0,0,83,5,27,15.6
Rafael Leao,2122,44,3998,38,34,2890,32.1,13,11,24,13,0,0,4,0,8.8,8.8,6.8,15.5,161,101,218,1.01,0.6699999999999999,1.68,1.01,1.68,0.3,0.23,0.54,0.3,0.54,32.1,13,107,44,99.2,6.51,3.2,0.31,0.62,19.0,0,0,0,0.09,2.2,2.2,555,787,70.5,9136,2681,284,368,77.2,187,244,76.6,60,84,71.4,11,6.8,4.9,3.2,45,46,48,12,101,787,759,21,3,4,9,67,14,2,0,0,0,555,7,38,113,3.9,65,0,28,9,11,0,19,0.66,13,0,5,0,1,0,17,9,3,9,5,10,20,50.0,10,12,1,11,12,29,8,0,1166,12,58,434,707,172,1166,163,98,60.1,65,39.9,808,7959,4496,161,109,69,71,50,914,218,148,149.3,34,155,13,4,101,1,4.07,60,23,37,2.12,1.68,46.3,24.1,22.3,0.77,0.6,0,26,51,8,67,12,9,2,0,0,99,28,37,43.1
Riyad Mahrez,2122,60,3982,32,17,1701,18.9,15,6,21,10,5,6,0,0,10.1,6.2,4.2,10.4,74,70,234,2.43,0.74,3.18,1.75,2.49,0.61,0.25,0.86,0.37,0.62,18.9,15,69,24,78.30000000000001,9.12,3.74,0.36,0.89,17.9,6,5,6,0.11,0.9,0.8,777,947,82.0,11969,2132,443,486,91.2,264,313,84.3,53,102,52.0,6,4.2,3.8,0.8,39,27,34,6,70,947,842,99,11,7,6,110,18,70,42,0,1,777,6,14,73,4.38,55,12,1,4,1,0,10,0.6,7,2,0,1,0,0,11,6,5,4,2,5,19,26.3,14,15,1,14,6,17,6,0,1135,11,81,318,746,127,1130,50,26,52.0,24,48.0,775,4744,2037,74,35,44,42,21,847,234,105,88.9,17,168,11,15,36,8,4.640000000000001,53,15,38,5.35,2.61,43.1,11.7,31.4,1.89,0.36,0,11,16,4,110,6,6,0,0,0,70,8,14,36.4
Robert Lewandowski,2122,64,3976,35,35,3036,33.7,35,3,38,30,5,5,2,0,33.2,29.3,4.4,33.7,46,81,268,1.07,0.09,1.16,0.92,1.01,1.01,0.13,1.15,0.9,1.03,33.7,35,157,76,148.1,5.77,3.29,0.19,0.4,13.6,3,5,5,0.19,1.8,0.7,575,767,75.0,7309,1585,362,441,82.1,146,193,75.6,21,40,52.5,3,4.4,4.8,-1.4,37,38,30,3,81,767,733,29,7,10,4,26,1,0,0,0,0,575,5,26,109,3.33,63,1,18,16,10,1,15,0.46,8,0,3,3,1,0,10,3,0,6,4,5,17,29.4,12,17,2,15,7,16,8,0,1160,14,46,438,685,242,1155,81,47,58.0,34,42.0,685,3274,1241,46,31,21,83,55,917,268,177,146.3,35,177,29,0,0,0,2.26,92,41,51,-3.29,-18.45,84.8,35.3,49.4,1.51,-1.06,0,23,39,23,26,7,3,1,0,0,72,53,58,47.7
Sadio Mane,2122,58,3984,37,34,3030,33.6,18,2,20,18,0,0,6,0,17.2,17.2,5.2,22.5,105,130,305,1.36,0.06,1.42,1.36,1.42,0.55,0.17,0.72,0.55,0.72,33.6,18,101,40,137.8,4.41,2.46,0.8300000000000001,1.1,14.2,0,0,0,0.18,-1.2,-1.2,818,1100,74.4,12061,2748,460,550,83.6,274,360,76.1,44,67,65.7,2,5.2,4.4,-3.2,41,63,61,5,130,1100,1082,12,3,16,3,53,8,0,0,0,0,818,6,41,114,3.64,79,0,8,17,10,0,13,0.41,7,0,1,4,1,0,33,20,7,14,12,8,26,30.8,18,30,1,29,8,41,15,0,1492,20,94,617,806,201,1492,77,47,61.0,29,37.7,1027,5897,2663,105,57,45,104,59,1218,305,153,119.4,34,189,26,3,25,0,4.68,79,25,54,2.51,-1.39,74.1,28.1,46.0,1.47,0.14,0,54,58,20,53,8,20,1,0,0,109,30,50,37.5
Son Heung-min,2122,58,3984,37,37,3194,35.5,23,7,30,23,0,0,2,0,15.9,15.9,7.5,23.4,116,90,242,0.69,0.21,0.9,0.69,0.9,0.48,0.22,0.7,0.48,0.7,35.5,23,91,53,155.8,4.96,3.83,0.27,0.48,15.7,2,0,0,0.19,7.1,7.1,928,1219,76.1,12453,3148,569,623,91.3,239,316,75.6,48,151,31.8,7,7.5,5.6,-0.5,72,33,42,4,90,1219,1007,207,37,2,3,197,7,157,66,53,0,928,5,33,135,4.04,82,35,2,9,6,1,13,0.39,7,3,0,0,3,0,15,6,5,7,3,5,23,21.7,18,27,6,21,14,28,8,0,1545,15,146,564,867,146,1545,92,51,55.4,40,43.5,912,6351,3123,116,68,50,75,46,1078,242,180,150.60000000000002,37,180,21,0,0,0,3.44,68,32,36,1.53,1.2200000000000002,54.7,32.4,22.3,0.67,0.74,0,15,38,18,197,14,6,2,0,0,144,16,35,31.4
Sebastien Haller,2122,27,1994,31,31,2568,28.5,21,7,28,19,2,2,4,0,21.7,20.2,6.6,26.7,21,66,216,0.74,0.25,0.98,0.67,0.91,0.76,0.23,0.99,0.71,0.94,28.5,21,98,40,40.8,3.43,1.4,0.19,0.48,10.1,0,2,2,0.21,-0.7,-1.2,542,776,69.8,6854,1118,336,443,75.8,132,181,72.9,18,32,56.3,7,6.6,5.4,0.4,44,37,16,0,66,776,730,40,0,1,3,6,1,0,0,0,0,542,6,20,79,2.77,58,0,1,14,6,0,12,0.42,9,0,0,2,1,0,19,7,1,9,9,4,17,23.5,13,19,2,17,2,21,21,0,1116,26,64,423,640,253,1114,37,23,62.2,14,37.8,590,2058,646,21,11,12,75,43,849,216,83,83.9,31,83,20,0,0,0,2.39,82,16,66,2.31,-0.06,79.7,24.8,54.9,1.92,-0.02,0,29,33,11,6,2,7,1,0,0,91,114,65,63.7
Trent Alexander-Arnold,2122,44,3996,35,35,3153,35.0,2,13,15,2,0,0,2,0,2.4,2.4,12.0,14.4,53,267,201,0.06,0.6799999999999999,0.74,0.06,0.74,0.07,0.38,0.46,0.07,0.46,35.0,2,55,15,29.4,2.81,0.47,0.04,0.13,24.0,8,0,0,0.05,-0.4,-0.4,2039,2757,74.0,40112,15683,841,964,87.2,811,1048,77.4,344,636,54.1,13,12.0,13.0,0.0,90,245,85,25,267,2757,2204,548,93,17,69,294,324,131,29,89,0,2039,5,34,160,5.05,96,53,3,7,1,0,18,0.57,13,4,0,1,0,0,40,29,19,13,8,27,60,45.0,33,22,4,18,45,83,40,0,3036,71,602,1386,1070,83,3036,39,19,48.7,20,51.3,1504,5687,2824,53,55,14,41,19,1897,201,189,136.0,35,189,33,0,0,2,4.71,86,25,61,2.73,-0.53,74.1,30.0,44.1,1.39,-0.32,0,12,9,12,294,45,29,0,0,0,235,15,13,53.6
Vinicius Junior,2122,42,4000,37,32,2866,31.9,17,10,27,17,0,0,6,0,12.3,12.3,8.0,20.3,225,123,485,0.57,0.33,0.9,0.57,0.9,0.41,0.27,0.68,0.41,0.68,31.9,17,84,44,102.5,4.73,2.4299999999999997,0.21,0.4,15.2,0,0,0,0.15,4.7,4.7,1075,1289,83.4,14515,2865,684,759,90.1,269,315,85.4,52,72,72.2,10,8.0,7.7,2.0,68,32,68,7,123,1289,1263,20,5,5,12,44,9,5,0,0,0,1075,6,35,188,6.29,129,1,27,9,19,3,28,0.94,18,0,5,1,3,1,46,27,23,19,4,15,50,30.0,35,25,0,25,6,52,6,0,1729,7,149,434,1172,228,1729,209,95,45.5,114,54.5,1373,10475,6171,225,119,110,86,59,1476,485,165,137.4,32,174,15,5,21,0,3.84,67,23,44,1.95,0.49,54.9,31.0,23.9,0.8,0.32,0,34,83,26,44,6,27,4,0,0,105,3,8,27.3
Virgil van Dijk,2122,60,3982,39,39,3510,39.0,3,1,4,3,0,0,3,0,2.0,2.0,1.5,3.6,11,145,4,0.09,0.03,0.12,0.09,0.12,0.06,0.05,0.11,0.06,0.11,39.0,3,38,14,40.0,1.63,0.41,0.09,0.21,13.3,1,0,0,0.06,1.0,1.0,2376,2655,89.5,46859,18162,780,848,92.0,1298,1375,94.4,278,395,70.4,1,1.5,1.0,-0.5,9,156,4,0,145,2655,2575,78,71,6,18,0,7,0,0,0,0,2376,2,5,31,0.91,22,1,0,6,0,2,6,0.18,4,0,0,2,0,0,16,11,11,5,0,11,16,68.8,5,21,14,7,32,47,109,0,2894,300,1296,1514,90,57,2894,8,6,75.0,2,25.0,1717,6530,3379,11,4,0,5,3,2096,4,180,168.4,39,180,38,0,0,1,5.01,95,25,70,3.25,1.25,80.9,29.1,51.8,1.52,0.75,0,11,10,0,0,32,11,0,0,0,204,117,34,77.5
Antoine Griezmann,2223,93,5973,49,41,3756,41.8,15,20,35,15,0,0,4,0,13.0,13.0,16.900000000000002,29.9,109,207,233,0.47,1.25,1.73,0.47,1.73,0.5,0.96,1.45,0.5,1.45,41.8,15,123,48,106.2,6.0,2.23,0.14,0.34,35.2,6,0,0,0.22,2.0,2.0,1494,1926,155.8,23876,6821,808,909,179.6,473,599,158.4,146,273,113.8,20,16.900000000000002,13.4,2.1,105,143,68,18,207,1926,1731,188,54,20,25,186,7,100,55,28,0,1494,7,44,195,10.63,130,35,10,9,8,3,29,1.3199999999999998,21,5,1,2,0,0,63,48,24,28,11,23,71,90.3,48,42,6,36,38,95,38,0,2355,56,298,1123,965,167,2354,93,51,96.6,33,83.7,1304,6918,3478,109,70,29,47,44,1695,233,242,240.0,41,263,30,8,47,0,6.57,81,36,45,3.68,2.15,66.4,41.8,24.6,1.27,1.14,0,28,55,16,186,38,48,0,0,0,184,33,38,100.8
Bernardo Silva,2223,81,5982,44,32,2919,32.5,4,5,9,4,0,0,7,0,2.4000000000000004,2.4000000000000004,3.7,5.9,108,148,205,0.16,0.2,0.37,0.16,0.37,0.13,0.22,0.36,0.13,0.36,32.5,4,28,9,36.0,1.77,0.37,0.16,0.44,28.8,0,0,0,0.27,1.6,1.6,1573,1835,173.10000000000002,25000,4382,859,924,185.8,550,622,181.9,112,179,128.4,5,3.7,4.3,1.2999999999999998,36,92,36,11,148,1835,1742,90,25,3,12,85,50,12,0,2,0,1573,3,35,88,6.34,76,2,4,1,4,1,15,1.25,14,0,0,0,1,0,46,33,11,27,8,19,46,140.0,27,26,6,20,23,64,6,0,2082,38,321,966,811,100,2082,68,29,68.8,30,70.3,1327,8688,4349,108,87,31,34,35,1562,205,208,209.9,32,258,19,12,41,4,7.15,83,29,54,5.8,0.55,54.5,27.7,26.8,1.44,0.0299999999999999,0,38,23,2,85,23,33,1,0,0,154,5,15,56.8
Bukayo Saka,2223,60,6003,44,43,3616,40.099999999999994,17,11,28,15,2,3,6,0,11.8,9.7,9.2,18.9,190,119,554,1.34,0.31,1.65,1.28,1.59,0.52,0.44,0.96,0.46,0.9,40.099999999999994,17,95,35,155.10000000000002,5.84,2.99,0.5700000000000001,1.0099999999999998,31.200000000000003,1,2,3,0.2,5.199999999999999,5.3,1138,1538,151.5,16686,3973,699,812,164.7,323,413,165.8,74,170,109.4,11,9.2,6.3999999999999995,1.8,80,53,73,14,119,1538,1400,136,12,2,4,183,23,99,76,0,2,1138,2,66,171,7.38,111,27,9,11,11,2,29,1.1,20,4,2,1,1,1,70,38,24,17,29,21,46,95.5,25,43,1,42,16,86,21,0,2032,23,177,522,1355,252,2029,175,66,57.2,75,96.6,1305,9081,4844,190,101,89,81,62,1473,554,230,238.7,43,231,23,1,31,1,5.46,89,46,43,3.22,-4.75,67.89999999999999,41.8,26.1,1.15,-2.44,0,51,72,13,183,16,38,1,0,0,140,17,39,79.6
Erling Haaland,2223,44,4000,39,37,3078,34.2,39,8,47,32,7,7,5,0,28.4,23.0,5.3,28.3,35,58,151,2.04,0.26,2.3,1.81,2.07,0.92,0.17,1.09,0.75,0.92,34.2,39,127,60,109.3,6.970000000000001,3.76,0.52,0.98,12.6,0,7,7,0.2,7.6,6.0,360,500,72.0,4403,947,218,276,79.0,100,132,75.8,7,9,77.8,8,5.3,3.1,2.7,29,14,23,0,58,500,449,45,0,4,0,13,2,1,0,0,0,360,6,21,72,2.34,48,0,5,10,8,1,17,0.55,14,0,0,1,2,0,3,3,0,2,1,1,5,20.0,4,12,4,8,3,6,14,0,763,18,39,290,435,217,756,32,11,34.4,18,56.3,405,2020,761,35,10,25,51,26,583,151,156,138.2,37,160,23,2,22,3,5.37,94,27,67,4.51,0.58,66.9,24.3,42.6,1.38,0.84,0,35,27,9,13,3,3,1,0,0,37,50,50,50.0
Harry Kane,2223,86,5979,45,44,3923,43.599999999999994,33,6,39,27,6,8,6,0,24.1,17.8,8.5,26.3,67,198,217,2.02,0.75,2.7700000000000005,1.66,2.42,1.17,0.51,1.6800000000000002,0.69,1.21,43.599999999999994,33,139,60,113.5,9.4,3.33,0.5,1.66,36.4,4,6,8,0.24,7.9,8.200000000000001,704,1019,133.0,13322,4735,319,411,154.4,260,338,144.8,108,171,134.2,6,8.5,4.7,-2.5,62,112,52,7,198,1019,947,63,14,22,19,43,26,0,0,0,0,704,9,44,141,5.7,94,2,14,15,13,3,21,1.15,13,0,2,3,3,0,17,13,2,7,8,8,22,133.3,14,29,8,21,2,19,23,0,1470,36,116,707,671,180,1462,116,44,87.0,56,86.6,933,5071,2063,67,55,22,84,63,1143,217,228,231.9,44,260,39,1,26,1,5.08,82,66,16,2.0,4.38,63.5,52.2,11.4,1.07,0.09,0,33,65,16,43,2,13,2,0,0,112,75,94,85.8
Jamal Musiala,2223,57,6009,40,31,2680,29.799999999999997,15,11,26,15,0,0,2,0,9.9,9.9,7.5,17.4,110,143,227,1.7,0.76,2.46,1.7,2.46,1.0,0.5700000000000001,1.5699999999999998,1.0,1.5699999999999998,29.799999999999997,15,88,35,132.9,10.91,4.88,0.48,0.91,30.3,0,0,0,0.28,2.1,2.1,942,1123,165.2,13540,2891,539,611,173.1,330,363,178.39999999999998,34,50,166.0,11,7.5,6.2,3.5,60,69,44,4,143,1123,1099,16,0,5,2,13,10,0,0,0,0,942,8,31,142,12.58,105,0,21,10,4,2,27,1.41,19,0,3,2,1,2,35,25,9,16,10,14,37,87.1,23,33,4,29,22,55,3,0,1566,20,155,720,719,172,1566,188,96,103.5,76,77.5,1138,6955,3280,110,71,45,90,86,1216,227,209,229.6,31,248,10,9,55,0,5.640000000000001,79,36,43,4.9,7.669999999999999,63.1,31.7,31.4,3.2,-1.31,0,26,54,2,13,22,25,1,0,0,163,13,14,83.3
Josko Gvardiol,2223,60,6006,42,35,3153,35.1,2,0,2,2,0,0,2,1,1.9,1.9,0.6,2.7,38,148,8,0.17,0.0,0.17,0.17,0.17,0.1,0.04,0.13,0.1,0.13,35.1,2,20,6,103.6,2.07,0.61,0.5700000000000001,1.25,31.0,0,0,0,0.2,0.0999999999999999,0.0999999999999999,2378,2668,178.5,46758,16498,783,836,188.6,1320,1403,186.4,256,372,136.3,0,0.6,1.3,-0.6,13,163,11,1,148,2668,2598,64,60,3,23,6,4,0,0,0,0,2378,6,16,33,1.77,30,0,1,1,1,0,2,0.08,2,0,0,0,0,0,32,25,20,12,0,14,30,103.4,16,42,21,21,51,77,113,1,2971,329,1372,1524,92,26,2971,20,17,138.9,2,11.1,2148,10770,5867,38,21,4,10,8,2217,8,230,225.2,35,244,27,7,75,2,6.3,69,39,30,5.58,2.26,52.2,38.7,13.4,0.14,-0.6699999999999999,0,31,21,1,6,51,25,0,1,1,215,46,39,93.3
Jude Bellingham,2223,56,6009,40,37,3342,37.1,11,6,17,9,2,2,9,0,8.799999999999999,8.0,4.3,12.3,106,274,169,1.25,0.73,1.97,0.8300000000000001,1.56,0.39,0.21,0.6,0.37,0.5700000000000001,37.1,11,77,29,144.8,5.58,2.56,0.48,0.96,30.4,2,2,2,0.22,0.2,0.0,1577,1908,170.4,27664,8107,716,815,178.9,610,699,179.0,189,257,155.8,6,4.3,5.4,0.7,38,212,49,3,274,1908,1841,61,36,10,33,41,18,1,0,0,0,1577,6,42,142,7.88,101,0,18,11,10,2,23,1.88,17,0,4,0,2,0,92,62,33,40,19,39,57,150.0,18,61,4,57,42,132,30,0,2415,50,386,1373,689,120,2414,164,92,103.2,49,81.6,1559,8898,4319,106,58,27,71,64,1802,169,229,245.7,37,262,33,3,54,1,6.3100000000000005,92,46,46,4.58,3.12,68.3,42.8,25.4,1.65,-0.47,0,49,84,3,41,42,62,2,0,0,229,40,42,90.7
Julian Alvarez,2223,66,6000,43,22,2322,25.9,16,2,18,14,2,2,0,0,9.6,8.8,1.9,10.7,51,42,121,2.02,0.46,2.48,1.73,2.19,0.94,0.13,1.07,0.89,1.02,25.9,16,72,35,162.9,8.4,4.38,0.66,1.19,28.2,0,2,2,0.37,3.4,3.2,488,624,155.4,6641,1017,293,342,170.60000000000002,121,160,148.3,33,49,148.39999999999998,2,1.9,2.3,-1.9,20,24,15,3,42,624,595,25,2,9,4,34,6,4,3,0,0,488,4,22,62,5.140000000000001,46,0,6,7,3,0,7,0.7,3,0,1,1,2,0,30,23,6,13,11,9,32,30.0,23,21,0,21,2,32,9,0,830,9,66,319,454,110,829,42,21,55.3,17,111.8,513,2684,1167,51,23,25,39,31,626,121,192,182.8,22,256,12,21,83,7,7.42,67,18,49,7.31,6.46,42.7,19.3,23.4,2.55,0.2999999999999999,0,36,17,9,34,2,23,2,0,0,65,10,32,44.0
Karim Benzema,2223,68,3974,29,29,2516,27.9,23,4,27,15,8,9,1,0,21.5,14.9,5.8,20.7,72,138,157,1.59,0.32,1.91,1.09,1.41,0.95,0.26,1.2,0.66,0.91,27.9,23,115,44,86.4,7.38,3.1,0.31,0.71,15.9,6,8,9,0.15,-2.5,-2.9,924,1070,86.4,10990,2417,624,695,89.8,193,210,91.9,24,32,75.0,4,5.8,5.5,-2.8,48,71,51,0,138,1070,1012,52,4,9,7,5,4,9,0,0,0,924,6,25,102,4.5,86,1,6,7,2,0,7,0.31,5,0,1,1,0,0,9,6,2,4,3,2,11,18.2,9,11,0,11,2,11,5,0,1284,7,56,457,776,175,1276,44,20,45.5,22,50.0,797,3737,1900,72,43,31,32,28,1092,157,181,143.5,29,181,22,0,0,0,4.48,58,22,36,2.6,0.97,47.5,23.9,23.6,1.04,0.2,0,13,6,25,5,2,6,2,0,0,35,14,13,51.9
Kevin De Bruyne,2223,92,5973,39,35,3014,33.5,8,20,28,8,0,0,1,0,5.8,5.8,14.6,20.4,109,274,267,0.54,1.7000000000000002,2.24,0.54,2.24,0.29,0.81,1.1,0.29,1.1,33.5,8,82,25,80.9,7.5,2.0,0.21,0.8300000000000001,46.3,8,0,0,0.12,1.2,1.2,1285,1762,141.7,23972,7263,576,678,169.4,517,683,149.89999999999998,175,302,113.8,20,14.6,14.9,1.4,104,141,105,23,274,1762,1572,177,58,32,29,254,36,79,20,38,6,1285,13,49,187,10.22,126,36,8,8,6,3,31,1.15,24,3,1,1,2,0,29,16,4,12,13,14,41,35.9,27,29,2,27,10,38,13,0,2027,13,117,818,1120,103,2027,69,36,102.5,22,68.6,1224,6297,3781,109,90,17,49,33,1558,267,248,231.3,35,256,20,4,20,5,6.640000000000001,82,26,56,4.41,0.44,63.400000000000006,24.0,39.400000000000006,1.51,0.81,0,25,35,5,254,10,16,2,0,0,108,17,13,150.0
Khvicha Kvaratskhelia,2223,21,2001,34,30,2518,28.0,12,10,22,10,2,2,1,0,8.2,6.6,7.7,14.2,139,91,291,0.43,0.36,0.79,0.36,0.71,0.29,0.27,0.56,0.23,0.51,28.0,12,83,30,36.1,2.97,1.07,0.12,0.33,19.1,3,2,2,0.08,3.8,3.4,900,1136,79.2,12766,2560,570,623,91.5,225,301,74.8,63,118,53.4,10,7.7,6.6,2.3,54,41,46,8,91,1136,1083,49,9,14,15,76,18,22,8,3,0,900,4,22,136,4.86,90,3,20,13,8,2,24,0.86,10,1,3,6,4,0,43,23,12,8,23,17,43,39.5,26,20,0,20,5,48,6,1,1548,8,110,486,976,175,1546,199,75,37.7,107,53.8,1054,6935,3699,139,62,84,63,48,1221,291,74,73.6,30,79,8,4,38,0,2.29,58,21,37,1.32,0.13,49.9,23.1,26.8,0.96,0.34,0,20,45,6,76,5,23,4,0,0,118,8,13,38.1
Kim Min-jae,2223,75,5988,39,38,3358,37.3,2,2,4,2,0,0,5,0,1.1,1.1,1.9,3.0,45,189,10,0.06,0.06,0.12,0.06,0.12,0.06,0.06,0.12,0.06,0.12,37.3,2,10,3,37.5,0.91,0.09,0.25,0.67,14.8,0,0,0,0.18,0.9,0.9,2719,3003,178.2,49502,18537,1086,1155,186.4,1354,1437,188.6,234,324,141.5,2,1.9,1.0,0.1,10,220,9,2,189,3003,2945,53,49,2,36,8,3,0,0,0,0,2719,5,17,38,1.4200000000000002,34,0,0,2,0,2,3,0.09,2,0,0,1,0,0,57,32,34,22,1,26,30,186.2,4,41,27,14,43,100,131,1,3355,327,1420,1824,125,30,3355,8,5,157.1,3,42.9,2097,9301,5434,45,27,2,14,7,2502,10,216,196.4,38,177,32,1,39,3,3.73,73,32,41,-2.29,-5.12,59.8,33.699999999999996,26.1,-0.16,-1.61,0,30,7,0,8,43,32,0,0,0,225,101,55,153.7
Kylian Mbappe,2223,69,5994,42,39,3506,38.9,42,8,50,37,5,7,6,0,31.5,25.8,8.700000000000001,34.5,205,153,547,7.13,1.46,8.6,6.73,8.19,1.66,0.44,2.1100000000000003,1.29,1.73,38.9,42,173,84,88.6,8.96,3.99,0.39,0.91,33.0,2,5,7,0.28,5.5,6.199999999999999,1269,1584,156.4,17186,3782,787,912,175.2,347,432,159.3,54,90,112.6,8,8.700000000000001,10.7,-1.7,66,97,84,12,153,1584,1507,72,5,11,4,72,17,22,6,0,0,1269,5,41,189,11.86,124,4,26,23,12,0,34,2.47,19,0,4,9,2,0,10,4,0,5,5,5,16,31.3,11,5,0,5,5,15,6,0,2093,10,54,693,1372,362,2086,253,99,84.9,132,98.4,1815,11695,5690,205,149,110,84,52,1840,547,258,206.3,39,271,33,3,62,0,7.53,96,40,56,9.63,9.24,78.8,51.5,27.2,1.4,0.6599999999999999,0,26,47,39,72,5,4,1,0,0,74,9,9,81.5
Lautaro Martinez,2223,72,5991,49,34,3266,36.3,24,7,31,23,1,2,4,0,20.0,18.4,5.4,23.799999999999997,50,83,193,1.33,0.41,1.74,1.2999999999999998,1.71,1.5,0.21,1.71,1.45,1.65,36.3,24,152,60,107.9,12.21,4.27,0.39,0.99,27.7,0,1,2,0.27,1.0,1.6,550,744,148.5,8014,1907,295,380,159.6,178,219,155.2,33,45,172.7,7,5.4,2.9,0.6,47,39,25,1,83,744,685,56,1,6,6,19,5,0,0,0,0,550,3,24,101,6.539999999999999,68,2,4,17,9,1,17,1.03,9,0,1,4,2,1,25,16,3,15,7,7,23,30.4,16,32,2,30,17,39,16,1,1184,24,97,518,584,189,1182,77,31,80.3,34,103.1,686,3214,1436,50,36,24,84,54,867,193,198,203.7,34,250,20,15,49,1,6.32,67,46,21,-0.12,-5.98,58.7,29.5,29.200000000000003,2.36,0.45,0,55,75,20,19,17,16,1,0,0,108,46,48,98.8
Lionel Messi,2223,104,5961,40,40,3617,40.2,23,19,42,19,4,5,1,0,22.1,18.2,15.9,34.1,143,366,257,1.42,0.9,2.3200000000000003,0.9,1.8,1.43,0.78,2.22,0.87,1.66,40.2,23,160,68,90.7,11.61,3.44,0.2299999999999999,0.52,39.2,23,4,5,0.22,0.9,0.8,1941,2421,160.9,30008,10328,1078,1216,181.2,588,707,167.4,181,282,122.9,19,15.9,18.1,3.1,114,261,138,2,366,2421,2190,201,57,62,15,113,2,116,39,48,0,1941,30,77,240,12.39,156,35,21,11,14,3,40,1.82,31,2,4,1,2,0,31,21,2,16,13,11,29,40.7,18,13,0,13,2,33,0,0,2863,6,118,1407,1377,200,2858,218,117,99.5,83,73.9,2401,13710,6224,143,164,50,66,101,2422,257,278,216.3,40,278,35,0,0,0,4.34,93,41,52,1.37,-4.5,79.8,43.5,36.3,2.31,1.68,0,18,59,9,113,2,21,1,0,0,97,3,10,47.2
Luka Modric,2223,108,5955,44,29,2695,30.0,4,5,9,3,1,1,8,0,4.6000000000000005,3.8,5.2,9.1,71,264,108,0.21,0.75,0.96,0.15,0.91,0.28,0.34,0.61,0.24,0.57,30.0,4,40,9,83.9,3.84,0.81,0.1,0.6,41.3,1,1,1,0.18,-0.6000000000000001,-0.8,1801,2072,172.2,28789,9308,969,1030,188.0,587,669,174.3,172,250,134.3,5,5.2,5.0,-2.2,48,204,32,6,264,2072,1912,157,74,7,29,107,10,63,29,17,0,1801,3,33,106,7.42,89,11,2,2,2,0,9,0.46,6,2,0,0,1,0,35,25,10,17,8,17,39,90.0,22,19,7,12,24,55,10,0,2294,27,303,1279,732,58,2293,63,25,77.9,26,76.0,1554,8138,3766,71,64,20,43,26,1809,108,221,197.9,29,265,9,15,31,1,5.8,55,29,26,2.59,-1.79,40.1,31.0,9.1,0.0399999999999999,-1.97,0,38,32,5,107,24,25,0,0,0,137,14,18,86.9
Martin Odegaard,2223,46,3996,38,37,3144,34.900000000000006,15,7,22,15,0,0,4,0,9.9,9.9,8.1,18.0,83,266,193,0.43,0.2,0.63,0.43,0.63,0.29,0.23,0.52,0.29,0.52,34.900000000000006,15,93,31,33.3,2.68,0.89,0.16,0.48,19.2,9,0,0,0.11,5.1,5.1,1449,1804,80.3,22540,6014,759,873,86.9,518,617,84.0,110,175,62.9,7,8.1,7.9,-1.1,76,135,91,4,266,1804,1683,110,79,23,9,91,13,18,9,6,1,1449,11,45,162,4.66,122,15,4,12,6,3,17,0.49,15,0,0,2,0,0,36,23,12,14,10,14,47,29.8,33,20,5,15,6,42,12,1,2100,27,199,864,1060,122,2100,83,48,57.8,29,34.9,1284,6930,3022,83,60,26,42,45,1550,193,102,100.8,37,85,14,1,17,1,2.19,82,38,44,1.27,-0.1400000000000001,66.8,37.5,29.3,0.84,0.74,0,31,26,1,91,6,23,0,0,0,178,13,20,39.4
Mohamed Salah,2223,60,3984,41,39,3489,38.8,20,13,33,18,2,4,2,0,21.6,18.5,7.2,25.7,120,149,421,0.97,0.78,1.75,0.92,1.69,0.59,0.2,0.79,0.51,0.7,38.8,20,126,47,77.2,5.57,2.13,0.34,0.88,15.1,2,2,4,0.15,-2.6,-1.5,902,1185,76.1,12538,3403,533,648,82.3,283,352,80.4,38,66,57.6,13,7.2,7.2,4.8,65,53,80,7,149,1185,1146,29,4,14,3,39,17,0,0,0,0,902,10,40,140,3.83,106,2,12,12,6,2,24,0.66,17,1,0,2,3,1,21,12,4,5,12,10,26,38.5,16,21,0,21,7,27,4,0,1634,4,83,539,1028,301,1630,135,51,37.8,72,53.3,1108,6393,3036,120,66,87,110,79,1305,421,153,169.9,39,175,30,2,51,0,3.09,77,49,28,0.34,-0.2299999999999999,69.6,46.7,22.8,0.62,2.09,0,22,37,24,39,7,12,0,0,0,100,8,30,21.1
Nicolo Barella,2223,50,3994,39,35,2950,32.7,6,8,14,6,0,0,6,0,3.2,3.2,5.6,8.8,76,214,162,0.21,0.74,0.94,0.21,0.94,0.11,0.19,0.3,0.11,0.3,32.7,6,35,14,89.4,1.67,0.72,0.18,0.46,20.6,1,0,0,0.1,2.8,2.8,1306,1601,81.6,21320,6648,684,773,88.5,486,564,86.2,102,177,57.6,8,5.6,4.1,0.4,55,150,50,15,214,1601,1566,29,13,6,16,93,8,6,0,2,0,1306,6,30,121,4.17,103,4,5,2,6,1,13,0.45,11,0,2,0,0,0,49,27,17,26,6,28,53,52.8,25,29,5,24,14,61,12,0,1892,43,303,962,656,57,1892,70,40,57.1,17,24.3,1253,7327,3430,76,69,10,52,39,1426,162,159,146.60000000000002,35,165,20,4,23,2,4.3,56,33,23,1.49,-0.1399999999999999,53.1,27.3,25.7,0.89,0.24,0,35,52,10,93,14,27,0,0,0,178,20,15,57.1
Randal Kolo Muani,2223,69,5994,41,37,3245,36.0,22,14,36,19,3,3,7,1,14.3,12.7,6.5,19.200000000000003,99,62,250,2.25,1.0,3.25,1.97,2.98,1.11,0.22,1.33,1.06,1.28,36.0,22,95,40,140.0,7.88,3.69,0.73,1.56,26.2,0,3,3,0.44,1.7,1.2999999999999998,444,692,122.7,5779,1248,282,401,138.4,115,166,144.0,18,34,52.9,14,6.5,5.8,4.5,41,27,23,2,62,692,664,23,0,4,3,28,1,0,0,0,0,444,5,38,106,4.18,60,0,20,12,14,0,23,1.34,13,0,4,2,4,0,21,19,4,6,11,4,12,111.1,8,20,2,18,4,25,14,0,1132,18,58,455,640,206,1130,171,74,74.1,73,92.2,669,4760,2392,99,55,68,116,71,872,250,215,193.6,37,255,17,4,115,4,5.36,67,47,20,2.65,0.2799999999999998,49.1,38.0,11.1,0.83,0.6499999999999999,1,61,88,24,28,4,19,4,0,0,104,69,84,107.5
Robert Lewandowski,2223,99,5964,41,40,3477,38.6,27,8,35,26,1,3,4,1,27.2,24.9,6.7,31.6,56,110,265,1.9,0.47,2.37,1.65,2.12,1.5,0.3,1.7999999999999998,1.08,1.38,38.6,27,152,63,124.3,9.41,3.94,0.52,1.31,31.9,6,1,3,0.32,-2.2,-0.9,663,884,142.9,9165,1846,405,487,160.5,185,241,151.2,33,52,115.2,8,6.7,5.7,1.2999999999999998,40,58,32,2,110,884,857,14,4,16,6,25,0,0,0,0,0,663,13,30,105,6.38,75,1,10,13,6,0,20,1.51,12,0,3,5,0,0,19,15,2,7,10,7,17,50.0,10,23,1,22,3,22,22,0,1309,26,54,505,764,231,1306,71,35,92.5,33,102.4,865,4130,1491,56,42,28,110,56,1111,265,264,239.5,40,265,34,1,34,0,5.24,71,29,42,1.5,-0.12,71.0,33.4,37.599999999999994,0.5900000000000001,0.96,1,48,59,25,25,3,15,1,0,0,72,68,62,102.1
Rodri,2223,186,13967,83,68,5839,64.8,7,11,18,6,1,1,9,0,6.0,6.0,6.5,12.499999999999998,146,399,144,1.11,1.42,2.53,0.79,2.21,0.23,0.29,0.52,0.23,0.52,64.8,7,79,23,141.3,8.26,2.3,0.8400000000000001,2.47,70.7,0,1,1,0.1999999999999999,-2.0,-2.0,4097,4534,269.7,73443,18036,1671,1795,281.0,1927,2078,274.0,402,497,227.5,11,6.5,5.8,2.5,58,363,69,9,399,4534,4453,73,54,8,34,57,14,2,1,0,0,4097,8,44,159,8.35,138,1,7,9,3,1,18,0.76,16,0,0,1,1,0,88,61,36,38,14,36,72,196.2,36,53,16,37,55,137,54,1,4999,153,984,2984,1065,118,4999,108,54,108.4,39,65.30000000000001,3259,16934,9362,146,119,22,56,39,3934,144,521,511.9,68,564,35,15,112,10,14.52,132,56,76,6.28,2.05,95.5,50.49999999999999,44.900000000000006,1.97,1.24,0,67,69,7,57,55,61,1,0,0,438,90,49,159.7
Ruben Dias,2223,75,5991,33,29,2600,28.9,0,0,0,0,0,0,4,0,1.3,1.3,0.6,1.9,14,110,2,0.0,0.0,0.0,0.0,0.0,0.0699999999999999,0.03,0.0999999999999999,0.0699999999999999,0.0999999999999999,28.9,0,13,3,70.0,1.44,0.4599999999999999,0.0,0.0,21.299999999999997,0,0,0,0.16,-1.3,-1.3,2176,2354,183.2,40195,14068,782,816,191.5,1210,1264,191.5,166,240,132.60000000000002,0,0.6,0.3,-0.6,3,148,0,0,110,2354,2284,70,54,1,8,1,8,0,0,0,0,2176,0,8,17,1.1800000000000002,12,1,0,3,0,1,1,0.05,1,0,0,0,0,0,25,19,12,12,1,11,19,61.1,8,23,13,10,23,46,65,1,2530,198,1026,1426,86,24,2530,10,8,80.0,1,10.0,1704,9113,5547,14,23,1,3,5,2007,2,248,183.2,29,258,25,4,23,9,7.9,85,21,64,6.9399999999999995,4.16,53.6,21.7,31.9,1.83,1.21,0,24,11,0,1,23,19,0,0,0,114,49,31,123.6
Victor Osimhen,2223,46,3996,33,30,2585,28.7,26,4,30,24,2,3,4,0,21.3,18.9,2.8,21.8,43,28,196,0.91,0.14,1.05,0.84,0.98,0.75,0.1,0.85,0.66,0.76,28.7,26,135,54,106.1,18.84,11.29,0.18,0.46,12.8,1,2,3,0.14,4.7,5.1,276,400,69.0,3890,582,158,199,79.4,71,108,65.7,21,29,72.4,4,2.8,1.7,1.2,34,20,10,2,28,400,383,17,0,1,3,19,9,0,0,0,0,276,0,27,80,2.8,54,0,5,11,8,2,9,0.32,6,0,0,1,2,0,10,6,1,2,7,0,7,0.0,7,6,1,5,6,16,29,0,789,31,45,224,537,232,786,75,25,33.3,36,48.0,469,2589,836,43,23,27,96,49,594,196,99,90.8,30,83,13,3,51,0,3.34,59,17,42,1.47,0.74,49.0,20.0,29.1,1.02,0.61,0,40,38,32,19,6,6,2,1,0,58,65,54,54.6
Vinicius Junior,2223,65,6000,42,41,3597,40.0,14,14,28,14,0,0,15,1,11.5,11.5,10.1,21.6,239,91,537,1.19,1.46,2.65,1.19,2.65,0.64,0.5,1.13,0.64,1.13,40.0,14,98,43,116.2,7.43,2.92,0.49,1.53,31.2,0,0,0,0.25,-0.5,-0.5,951,1243,152.2,12578,2568,627,717,175.9,224,290,149.3,45,78,84.5,14,10.1,9.6,0.9,72,35,48,2,91,1243,1195,43,8,5,10,84,26,7,0,0,0,951,5,65,177,9.95,115,2,28,13,18,1,25,1.87,15,0,4,5,0,1,33,27,11,13,9,14,41,35.9,27,29,2,27,7,39,1,0,1843,6,106,486,1273,279,1843,321,117,69.9,161,103.3,1453,11644,6153,239,108,147,111,72,1566,537,256,228.1,41,257,26,1,30,1,6.9,77,37,40,4.27,2.35,65.8,33.300000000000004,32.5,2.58,-0.98,0,53,155,28,84,7,27,1,0,0,110,2,6,25.0
Ilkay Gundogan,2223,93,5970,37,33,2796,31.0,11,4,15,10,1,2,1,0,8.6,7.1000000000000005,3.4,10.5,56,194,130,1.5,0.15,1.65,1.02,1.17,0.8300000000000001,0.1699999999999999,1.01,0.43,0.6,31.0,11,61,24,144.4,5.47,2.42,0.8200000000000001,1.4,44.0,5,1,2,0.2,0.4,0.9,1524,1746,176.39999999999998,23827,5600,824,905,181.8,548,600,188.8,110,145,149.5,4,3.4,4.7,0.6,38,161,39,1,194,1746,1683,60,28,19,7,35,5,21,7,4,1,1524,3,31,96,6.3,77,7,2,4,4,2,17,0.65,13,1,0,1,2,0,33,22,8,15,10,12,35,35.3,23,20,3,17,23,54,14,0,1994,33,260,1093,651,94,1992,44,18,138.1,18,42.9,1183,6152,3005,56,51,8,32,28,1567,130,224,185.8,33,233,19,4,15,10,6.720000000000001,79,22,57,4.2,-0.7299999999999998,64.89999999999999,20.7,44.2,2.7,-2.53,0,28,29,8,35,23,22,2,0,0,173,22,14,121.3
Ademola Lookman,2324,75,5991,41,30,2619,29.1,15,9,24,15,0,0,4,0,9.1,9.1,5.2,14.3,72,97,222,1.5,0.98,2.49,1.5,2.49,0.43,0.25,0.68,0.43,0.68,29.1,15,83,30,110.8,8.350000000000001,2.77,0.67,1.71,14.3,0,0,0,0.14,1.9,1.9,635,838,75.8,9115,2499,376,441,85.3,201,247,81.4,29,74,39.2,9,5.2,4.8,1.8,50,46,32,2,97,838,759,79,6,6,4,103,8,52,20,17,0,635,0,28,101,4.81,65,10,16,4,4,2,14,0.67,9,1,2,1,1,0,20,25,2,11,7,8,22,36.4,14,19,0,19,10,29,0,1,1109,2,54,458,607,129,1109,87,39,44.8,37,42.5,699,4257,1972,72,42,35,66,42,866,222,201,178.60000000000002,30,245,7,11,64,1,4.61,43,31,12,1.48,-0.9,27.6,21.1,6.5,0.31,-0.29,0,51,52,15,103,10,25,1,0,0,89,18,21,46.2
Antonio Rudiger,2324,60,3986,34,31,2829,31.4,1,0,1,1,0,0,7,0,1.5,1.5,1.2,2.6,17,88,1,0.03,0.0,0.03,0.03,0.03,0.05,0.04,0.09,0.05,0.09,31.4,1,22,3,43.8,2.88,0.8200000000000001,0.05,0.5,16.0,0,0,0,0.08,-0.5,-0.5,1630,1815,89.8,30058,11111,625,654,95.6,860,908,94.7,130,219,59.4,0,1.2,1.0,-1.2,5,90,11,2,88,1815,1761,50,30,3,10,5,9,0,0,0,0,1630,4,9,21,0.7,16,0,0,5,0,0,5,0.17,4,0,0,1,0,0,26,15,18,4,4,16,20,80.0,4,27,20,7,11,37,89,0,2022,275,1000,964,65,25,2022,3,1,33.3,2,66.7,1337,6743,4149,17,10,1,4,2,1525,1,202,136.3,31,208,29,3,25,2,2.55,67,27,40,-0.1,-4.51,54.3,28.0,26.3,0.87,-0.03,0,26,6,1,5,11,15,0,0,0,124,49,23,68.1
Artem Dovbyk,2324,52,3994,39,32,2664,29.6,24,10,34,17,7,8,2,0,24.2,17.9,6.2,24.1,18,26,118,0.83,2.62,3.45,0.59,3.21,0.84,0.21,1.05,0.62,0.84,29.6,24,80,36,46.8,6.1899999999999995,1.25,0.22,0.47,12.4,1,7,8,0.23,-0.2,-0.9,277,392,70.7,3272,471,186,235,79.1,62,89,69.7,5,6,83.3,10,6.2,3.7,1.8,27,9,10,0,26,392,359,28,0,2,2,1,0,0,0,0,0,277,5,16,57,1.98,41,0,6,8,2,0,13,0.45,9,0,1,3,0,0,4,3,2,1,1,0,2,0.0,2,8,1,7,0,4,17,0,606,19,36,230,341,185,598,25,17,68.0,8,32.0,351,1294,449,18,7,16,50,39,487,118,98,92.7,32,78,10,7,52,1,4.1899999999999995,70,36,34,4.59,2.75,56.5,38.9,17.6,0.61,0.73,0,27,13,34,1,0,3,0,0,0,24,39,40,49.4
Bukayo Saka,2324,42,4002,36,36,3009,33.4,16,9,25,10,6,6,4,0,15.5,10.8,10.5,21.2,155,126,508,0.49,0.28,0.77,0.31,0.59,0.48,0.32,0.8,0.33,0.65,33.4,16,107,32,50.4,8.14,1.96,0.1,0.32,16.3,0,6,6,0.11,0.5,-0.8,1143,1512,75.6,16891,4402,705,793,88.9,331,427,77.5,80,183,43.7,9,10.5,11.0,-1.5,91,39,73,12,126,1512,1365,138,7,4,3,185,12,119,99,0,0,1143,9,50,188,5.8,137,26,10,9,4,2,21,0.65,16,2,1,1,1,0,66,36,22,24,20,26,59,44.1,33,43,2,41,15,81,24,1,1952,37,182,474,1310,271,1946,122,49,40.2,54,44.3,1223,7180,3728,155,68,72,56,53,1393,508,173,185.4,36,173,18,0,0,0,2.29,78,29,49,-0.4299999999999999,-0.4,66.4,25.0,41.3,1.27,0.04,0,42,70,8,185,15,36,1,0,0,155,23,36,39.0
Cole Palmer,2324,63,6006,40,34,3060,34.0,23,13,36,14,9,9,7,0,18.2,11.1,11.1,22.2,117,197,195,0.96,0.79,1.75,0.65,1.44,0.63,0.38,1.01,0.38,0.77,34.0,23,121,44,70.3,7.73,2.71,0.18,0.49,22.1,11,9,9,0.11,3.8,1.9,1125,1420,159.2,18673,5642,576,638,190.3,409,482,151.7,101,186,54.3,13,11.1,8.7,-0.1,72,136,69,5,197,1420,1299,111,23,27,14,92,22,55,24,12,0,1125,10,37,162,5.59,116,12,14,10,5,5,26,0.9,20,0,1,2,1,2,23,14,9,6,8,8,19,42.1,11,20,2,18,23,43,13,2,1760,22,183,746,854,126,1751,104,52,50.0,46,44.2,1154,7271,3496,117,66,46,58,44,1368,195,164,158.4,34,171,17,6,54,2,6.87,77,49,28,2.32,1.34,58.6,45.2,13.5,1.08,-0.4399999999999999,0,26,29,7,92,23,14,1,0,0,105,1,4,20.0
Dani Carvajal,2324,62,3984,29,26,2291,25.4,4,3,7,4,0,0,6,1,1.7,1.7,2.7,4.4,30,82,168,0.17,0.12,0.29,0.17,0.29,0.07,0.11,0.18,0.07,0.18,25.4,4,18,10,55.6,0.75,0.41,0.22,0.4,14.3,0,0,0,0.1,2.3,2.3,1265,1475,85.8,19955,4535,679,744,91.3,486,552,88.0,76,111,68.5,3,2.7,3.1,0.3,21,52,26,5,82,1475,1284,190,37,3,3,52,153,0,0,0,0,1265,1,34,44,1.82,41,0,1,0,2,0,7,0.29,6,0,0,0,1,0,47,36,28,15,4,23,42,54.8,19,28,9,19,22,69,54,4,1697,101,465,726,527,59,1697,22,9,40.9,11,50.0,939,3864,1903,30,37,9,22,18,1126,168,198,120.6,26,206,19,3,8,6,2.57,57,17,40,0.24,-3.13,44.7,21.7,23.0,0.95,0.21,1,25,21,2,52,22,36,0,0,0,120,21,19,52.5
Dani Olmo,2324,25,1998,21,17,1449,16.1,4,5,9,4,0,0,0,0,3.3,3.3,5.4,8.8,60,68,111,0.25,0.31,0.56,0.25,0.56,0.21,0.34,0.55,0.21,0.55,16.1,4,45,13,28.9,2.8,0.81,0.09,0.31,18.7,3,0,0,0.07,0.7,0.7,511,657,77.8,8589,2309,256,306,83.7,187,226,82.7,52,74,70.3,5,5.4,3.7,-0.4,32,60,21,7,68,657,639,13,9,9,9,21,4,0,0,0,0,511,5,21,61,3.79,44,0,3,9,3,2,8,0.5,8,0,0,0,0,0,26,18,14,8,4,10,22,45.5,12,7,0,7,13,39,12,1,854,18,116,419,329,59,854,72,31,43.1,38,52.8,544,3571,1925,60,49,18,28,26,651,111,69,47.4,17,82,7,4,16,0,2.0,41,20,21,1.3,0.35,27.3,18.0,9.3,0.58,-0.32,0,15,17,1,21,13,18,0,0,0,75,11,19,36.7
Declan Rice,2324,48,3998,39,38,3315,36.8,7,8,15,7,0,0,5,0,3.3,3.3,5.3,8.6,75,278,64,0.2,0.22,0.42,0.2,0.42,0.09,0.15,0.24,0.09,0.24,36.8,7,59,21,134.5,2.62,1.56,0.12,0.35,20.4,2,0,0,0.06,3.7,3.7,2041,2295,88.9,34242,9378,958,1031,92.9,910,975,93.3,137,210,65.2,8,5.3,4.8,2.7,47,240,39,2,278,2295,2181,107,48,2,17,60,1,47,38,0,0,2041,7,26,100,2.79,71,16,3,5,0,5,12,0.33,6,5,0,1,0,0,83,54,37,38,8,32,57,56.1,25,37,11,26,45,127,52,0,2650,100,581,1398,696,67,2650,46,21,45.7,20,43.5,1675,10194,5139,75,70,16,31,22,1928,64,175,194.3,38,177,30,1,24,0,2.34,84,30,54,-0.4399999999999999,-1.21,71.6,26.5,45.1,1.26,-0.18,0,35,14,2,60,45,54,0,2,0,178,39,43,47.6
Erling Haaland,2324,46,4000,34,32,2804,31.2,32,5,37,25,7,8,1,0,29.2,22.9,4.3,27.2,35,26,126,2.74,0.18,2.92,2.5,2.67,1.03,0.15,1.18,0.81,0.96,31.2,32,127,57,94.2,8.99,4.26,0.54,1.11,11.9,1,7,8,0.2,-2.2,-2.9,295,388,76.0,3234,567,197,242,81.4,56,70,80.0,5,8,62.5,5,4.3,2.2,0.7,29,16,11,0,26,388,375,12,1,2,0,8,1,0,0,0,0,295,1,17,59,2.08,39,0,3,10,6,1,11,0.39,5,0,1,3,2,0,6,3,0,3,3,2,3,66.7,1,11,1,10,2,8,16,0,636,15,36,206,398,183,628,30,12,40.0,16,53.3,357,1628,728,35,13,22,41,19,489,126,166,121.3,32,170,21,2,25,1,4.32,74,29,45,3.2,-1.27,59.5,26.2,33.4,1.18,-0.02,0,21,36,8,8,2,3,2,0,0,47,39,42,48.1
Federico Valverde,2324,50,3996,39,34,3008,33.5,2,7,9,2,0,0,2,0,3.5,3.5,5.8,9.3,104,231,102,0.06,0.22,0.28,0.06,0.28,0.11,0.18,0.29,0.11,0.29,33.5,2,57,19,132.1,2.61,1.4300000000000002,0.04,0.11,23.0,1,0,0,0.06,-1.5,-1.5,1901,2117,89.8,29049,7780,1109,1169,94.9,612,675,90.7,126,185,68.1,7,5.8,3.4,1.2,49,229,41,4,231,2117,2077,31,23,14,33,30,5,0,0,0,0,1901,9,18,119,3.69,110,0,3,3,1,2,14,0.43,12,0,0,2,0,0,47,36,22,13,12,24,42,57.1,18,39,2,37,44,90,40,0,2448,77,384,1382,708,69,2448,44,22,50.0,21,47.7,1610,9227,5027,104,102,15,28,12,1925,102,130,134.4,34,158,22,5,51,1,3.99,78,25,53,0.7999999999999999,-1.26,60.1,30.3,29.8,0.92,0.3,0,20,15,0,30,44,36,0,0,0,160,21,10,67.7
Florian Wirtz,2324,40,4006,38,31,2754,30.6,14,15,29,12,2,2,3,0,8.9,8.2,7.5,15.7,138,224,306,1.13,1.36,2.48,0.85,2.21,0.34,0.29,0.62,0.31,0.6,30.6,14,81,40,110.7,5.25,2.9,0.32,0.59,18.1,1,2,2,0.12,2.1,1.8,1540,1855,83.0,20304,5621,1003,1124,89.2,395,462,85.5,62,98,63.3,15,7.5,9.7,3.5,73,95,82,7,224,1855,1764,77,13,23,7,47,35,22,6,1,0,1540,14,54,166,6.3,128,8,15,4,9,2,24,0.91,18,2,4,0,0,0,27,20,7,14,6,9,29,31.0,20,36,2,34,10,36,3,0,2252,7,146,906,1229,170,2251,162,79,48.8,74,45.7,1384,7896,4152,138,108,45,83,79,1815,306,138,148.2,31,156,9,7,56,0,5.63,87,21,66,5.67,1.99,55.3,22.7,32.7,1.24,-0.21,0,26,29,7,47,10,20,0,0,0,143,9,15,37.5
Granit Xhaka,2324,60,3984,39,37,3257,36.1,4,0,4,4,0,0,5,0,1.8,1.8,2.7,4.5,60,392,53,0.31,0.0,0.31,0.31,0.31,0.06,0.09,0.15,0.06,0.15,36.1,4,49,16,81.1,2.27,0.86,0.32,0.71,25.5,0,0,0,0.04,1.2,1.2,3020,3292,91.7,47359,13206,1681,1777,94.6,1063,1138,93.4,208,258,80.6,0,2.7,5.9,-2.7,41,370,54,0,392,3292,3221,65,39,12,17,12,17,0,0,0,0,3020,6,27,121,3.86,110,1,2,6,2,0,11,0.35,11,0,0,0,0,0,29,27,11,14,4,9,30,30.0,21,29,8,21,21,48,42,0,3558,94,485,2291,797,17,3558,28,16,57.1,9,32.1,2164,9461,4933,60,67,4,31,30,2955,53,158,172.9,37,170,27,2,49,0,5.7,96,24,72,4.92,-1.56,65.2,26.9,38.3,1.22,-0.84,0,32,50,0,12,21,27,0,0,0,226,26,22,54.2
Hakan Calhanoglu,2324,29,1994,32,32,2556,28.4,13,3,16,3,10,10,5,0,10.1,2.3,4.7,7.0,45,186,34,0.46,0.11,0.56,0.11,0.21,0.36,0.17,0.52,0.08,0.25,28.4,13,52,13,25.0,1.83,0.46,0.06,0.23,29.5,12,10,10,0.04,2.9,0.7,2045,2316,88.3,37372,11241,885,934,94.8,853,933,91.4,258,364,70.9,3,4.7,5.8,-1.7,52,194,39,12,186,2316,2097,210,92,4,35,153,4,113,52,47,0,2045,9,18,107,3.77,63,39,0,4,0,1,10,0.35,7,3,0,0,0,0,66,33,29,29,8,32,49,65.3,17,29,13,16,24,90,22,0,2591,81,632,1389,586,26,2581,15,7,46.7,7,46.7,1604,7646,3868,45,65,1,27,7,1878,34,80,74.7,32,80,12,0,0,4,2.47,59,19,40,1.41,-1.4,56.5,23.2,33.3,1.17,-0.26,0,43,23,0,153,24,33,0,0,0,166,26,18,59.1
Harry Kane,2324,30,1993,32,32,2839,31.5,36,8,44,31,5,5,2,0,30.6,26.7,6.4,33.0,36,102,164,1.14,0.25,1.39,0.98,1.24,0.97,0.2,1.17,0.85,1.05,31.5,36,141,61,43.3,4.47,1.93,0.22,0.51,14.4,4,5,5,0.19,5.4,4.3,474,664,71.4,8936,2715,216,266,81.2,166,222,74.8,74,114,64.9,8,6.4,5.9,1.6,31,66,41,6,102,664,620,41,10,13,14,31,8,2,1,0,0,474,3,31,83,2.63,54,2,7,13,7,0,11,0.35,8,1,0,2,0,0,13,9,4,4,5,6,18,33.3,12,12,4,8,6,19,14,0,995,19,69,395,541,180,990,59,24,40.7,30,50.8,634,3098,1287,36,25,14,45,45,782,164,89,92.8,32,89,27,0,0,2,2.16,85,39,46,1.46,0.24,81.1,28.6,52.5,1.66,1.46,0,10,39,13,31,6,9,0,0,0,55,30,34,46.9
Jude Bellingham,2324,40,4006,29,28,2435,27.0,19,7,26,18,1,1,6,1,11.1,10.3,5.3,15.6,85,196,177,0.74,0.98,1.72,0.7,1.6800000000000002,0.43,0.21,0.64,0.4,0.61,27.0,19,65,35,88.1,4.66,2.0700000000000003,0.29,0.53,14.8,0,1,1,0.17,7.9,7.7,1363,1543,88.3,19609,4025,856,930,92.0,387,428,90.4,76,90,84.4,7,5.3,4.3,0.7,48,137,45,3,196,1543,1490,43,18,18,14,22,12,1,1,0,0,1363,10,25,99,3.85,82,0,8,4,5,0,13,0.51,10,0,1,2,0,0,42,35,14,18,10,12,36,33.3,24,55,5,50,22,63,17,0,1897,21,202,978,746,135,1896,97,50,51.5,35,36.1,1235,6812,3434,85,73,26,53,40,1554,177,203,124.8,28,205,18,1,25,5,2.46,59,20,39,0.09,-3.54,46.7,23.4,23.3,0.91,0.09,0,34,75,6,22,22,35,0,0,0,118,24,25,49.0
Kylian Mbappe,2324,48,3996,35,30,2698,30.0,35,10,45,28,7,10,4,0,21.0,14.5,5.7,20.2,114,122,285,2.46,0.79,3.25,2.05,2.84,0.87,0.24,1.11,0.6,0.84,30.0,35,153,73,100.7,11.5,5.92,0.36,0.72,18.3,2,7,10,0.13,6.0,6.5,801,965,83.0,12061,2391,472,536,88.1,235,288,81.6,55,67,82.1,10,5.7,5.2,1.3,40,73,44,1,122,965,936,24,5,12,10,27,6,7,0,0,0,801,5,19,98,4.09,69,0,20,3,6,0,20,0.83,12,0,4,1,3,0,4,2,1,1,2,4,9,44.4,5,4,0,4,4,6,2,0,1264,1,31,441,801,207,1256,133,61,45.9,62,46.6,1148,6741,3207,114,69,66,56,35,1130,285,164,170.5,30,173,25,5,31,2,5.17,83,29,54,4.5,0.3,50.2,30.2,20.0,0.84,-0.04,0,23,43,23,27,4,2,2,0,0,47,0,2,0.0
Lamine Yamal,2324,32,4014,38,23,2305,25.7,6,5,11,6,0,0,4,0,5.2,5.2,6.2,11.4,123,80,350,1.07,0.2,1.28,1.07,1.28,0.21,0.25,0.47,0.21,0.47,25.7,6,61,22,69.5,4.970000000000001,1.73,0.42,1.24,17.5,0,0,0,0.09,-0.2,-0.2,903,1132,79.8,12868,3009,572,650,88.0,262,337,77.7,44,77,57.1,5,6.2,6.5,-1.2,38,39,52,16,80,1132,1091,36,4,6,6,88,14,18,6,4,1,903,5,22,108,4.41,64,5,17,9,8,5,18,0.74,12,0,2,1,2,1,61,40,32,15,14,18,48,37.5,30,32,0,32,20,80,11,0,1475,14,118,460,923,147,1475,160,70,43.8,58,36.3,1023,6622,3889,123,78,57,54,26,1157,350,163,99.1,23,187,12,15,25,1,2.22,59,35,24,0.98,-0.29,52.3,30.5,21.8,0.89,-0.15,0,24,53,4,88,20,40,2,0,0,102,2,11,15.4
Lautaro Martinez,2324,50,3994,34,32,2754,30.6,24,3,27,22,2,4,5,0,17.6,15.3,3.6,18.8,54,80,172,0.81,0.1,0.91,0.75,0.85,0.6,0.12,0.72,0.52,0.64,30.6,24,107,45,91.9,5.4,2.41,0.21,0.5,14.2,0,2,4,0.15,6.4,6.7,604,782,77.2,8821,2104,328,393,83.5,194,232,83.6,41,59,69.5,3,3.6,2.0,-0.6,36,45,21,2,80,782,734,42,4,12,3,16,1,0,0,0,0,604,6,28,102,3.46,71,0,4,16,7,4,16,0.54,7,0,1,3,2,3,22,16,4,13,5,4,19,21.1,15,30,1,29,22,42,10,0,1176,12,88,532,564,178,1173,68,19,27.9,39,57.4,735,3228,1486,54,29,28,68,45,878,172,178,159.4,32,182,18,2,32,2,2.58,74,16,58,2.85,9.85,60.9,22.5,38.4,1.3,0.28,0,47,61,12,16,22,16,2,1,0,90,38,27,58.5
Martin Odegaard,2324,48,3996,36,36,3181,35.3,8,10,18,6,2,2,2,0,7.4,5.8,9.6,15.5,91,344,202,0.23,0.29,0.52,0.17,0.47,0.22,0.28,0.5,0.17,0.45,35.3,8,76,21,28.0,3.18,0.61,0.08,0.29,20.2,4,2,2,0.08,0.6,0.2,1692,2006,84.3,25780,7898,907,992,91.4,635,744,85.3,91,140,65.0,10,9.6,11.2,0.4,102,160,130,13,344,2006,1887,103,55,39,3,81,13,26,21,1,0,1692,16,38,220,6.41,178,17,8,10,6,1,23,0.67,18,2,0,2,1,0,49,18,18,21,10,17,58,29.3,41,23,1,22,15,64,5,0,2326,24,244,926,1173,165,2324,81,37,45.7,38,46.9,1563,8190,3514,91,83,37,53,58,1827,202,178,190.4,36,178,23,0,0,1,2.37,81,25,56,-0.31,0.59,68.6,24.9,43.7,1.27,0.04,0,31,39,3,81,15,18,1,0,0,158,3,9,25.0
Mats Hummels,2324,68,3976,27,22,1761,19.6,3,0,3,3,0,0,4,1,3.2,3.2,0.9,4.1,11,82,1,0.17,0.0,0.17,0.17,0.17,0.18,0.05,0.23,0.18,0.23,19.6,3,18,7,87.5,1.91,0.8400000000000001,0.19,0.5,11.7,0,0,0,0.23,-0.2,-0.2,1262,1418,89.0,25463,8497,381,402,94.8,722,781,92.4,150,202,74.3,0,0.9,1.4,-0.9,9,86,6,0,82,1418,1366,50,44,3,16,3,3,0,0,0,0,1262,2,10,24,1.37,20,0,0,3,0,1,2,0.11,1,0,0,1,0,0,52,36,34,12,6,30,53,56.6,23,33,11,22,38,85,82,0,1649,167,698,888,76,20,1649,7,2,28.6,4,57.1,1095,5594,3224,11,13,1,7,6,1183,1,153,118.4,22,165,15,5,18,5,3.38,40,27,13,2.07,0.1599999999999999,31.0,26.5,4.5,0.26,-0.17,0,13,10,0,3,38,36,0,2,0,99,38,24,61.3
Nico Williams,2324,42,4004,37,33,2712,30.1,8,16,24,8,0,0,7,1,6.0,6.0,5.7,11.7,143,66,302,0.8,1.44,2.24,0.8,2.24,0.24,0.22,0.46,0.24,0.46,30.1,8,74,24,61.7,5.84,1.76,0.26,0.86,15.7,1,0,0,0.11,-1.0,-1.0,579,828,69.9,9035,2545,321,374,85.8,196,265,74.0,43,101,42.6,16,5.7,7.5,5.3,47,26,48,22,66,828,739,85,16,8,3,185,11,57,36,8,0,579,4,47,121,4.81,72,18,19,6,6,0,24,0.95,15,2,4,1,2,0,31,15,9,15,7,13,36,36.1,23,18,2,16,3,34,4,1,1203,14,112,372,746,148,1203,193,86,44.6,92,47.7,800,6467,3736,143,77,62,76,51,849,302,148,123.8,33,179,10,4,42,0,4.57,56,26,30,2.64,0.77,38.6,25.9,12.8,0.51,0.61,1,20,47,17,185,3,15,3,1,0,131,8,9,47.1
Phil Foden,2324,68,6000,42,40,3436,38.1,22,9,31,22,0,0,3,0,10.3,10.3,8.4,18.7,93,168,269,1.63,0.4599999999999999,2.09,1.63,2.09,0.33,0.26,0.59,0.33,0.59,38.1,22,126,57,134.2,11.0,5.04,0.4599999999999999,1.05,18.5,4,0,0,0.1,8.7,8.7,1511,1767,85.5,20347,3769,990,1053,94.0,388,449,86.4,68,135,50.4,9,8.4,6.9,-0.4,73,71,57,5,168,1767,1684,79,19,15,6,109,4,50,26,14,0,1511,4,49,144,4.54,111,9,9,6,8,1,21,0.66,16,1,1,0,3,0,31,25,11,10,10,13,31,41.9,18,30,0,30,16,44,18,1,2146,22,174,785,1211,190,2146,102,47,46.1,46,45.1,1435,6921,3434,93,79,56,62,49,1753,269,241,244.1,40,244,23,2,25,3,7.74,91,29,62,6.92,-1.25,65.4,28.8,36.6,1.15,-0.18,0,17,74,7,109,16,25,0,1,0,127,6,17,26.1
Rodri,2324,193,13967,74,53,4882,54.4,11,12,23,11,0,0,8,1,5.199999999999999,5.199999999999999,5.1,10.2,125,441,171,1.99,1.69,3.67,1.99,3.67,0.21,0.22,0.43,0.21,0.43,54.4,11,93,31,130.0,9.73,3.4299999999999997,0.63,1.11,39.2,0,0,0,0.13,2.8,2.8,3814,4226,170.8,63938,17648,1934,2060,184.7,1417,1543,172.3,367,449,141.1,12,5.1,8.3,3.899999999999999,64,414,93,6,441,4226,4116,102,74,21,37,56,19,8,5,0,0,3814,8,43,190,7.65,154,3,11,7,9,6,23,0.71,17,0,3,1,1,1,87,62,31,40,16,37,81,86.4,44,43,8,35,38,121,43,4,4699,117,762,2662,1312,123,4699,121,66,107.7,38,64.0,3009,14828,8015,125,118,26,51,50,3806,171,500,456.7000000000001,53,501,35,21,54,11,11.29,121,45,76,11.48,5.26,85.7,47.5,38.2,0.8900000000000001,0.63,0,55,73,10,56,38,62,1,0,0,293,54,31,71.1
Ruben Dias,2324,77,5991,35,32,2964,32.9,0,1,1,0,0,0,1,0,1.4,1.4,0.3,1.7,34,173,16,0.0,0.29,0.29,0.0,0.29,0.05,0.01,0.06,0.05,0.06,32.9,0,24,9,65.0,1.84,0.5700000000000001,0.0,0.0,15.2,0,0,0,0.07,-1.4,-1.4,2469,2635,93.7,42764,13568,1039,1076,96.6,1256,1306,96.2,146,204,71.6,1,0.3,1.9,-0.3,7,220,12,3,173,2635,2567,65,46,2,7,13,11,0,0,0,0,2469,3,8,35,1.23,28,0,0,5,0,2,4,0.14,2,0,0,1,0,1,39,24,14,21,4,19,26,73.1,7,32,17,15,34,69,77,0,2877,231,1002,1600,282,34,2877,1,0,0.0,1,100.0,1996,10862,6693,34,70,1,10,7,2301,16,254,183.1,32,270,32,3,65,8,8.3,78,28,50,7.869999999999999,1.06,62.2,25.4,36.8,1.3,0.45,0,30,15,1,13,34,24,0,1,1,108,47,42,52.8
Toni Kroos,2324,66,3980,34,24,2179,24.200000000000003,1,8,9,1,0,0,3,0,1.6,1.6,4.9,6.5,32,290,29,0.04,0.34,0.38,0.04,0.38,0.07,0.21,0.28,0.07,0.28,24.200000000000003,1,35,13,37.1,1.48,0.55,0.03,0.08,25.2,10,0,0,0.05,-0.6,-0.6,2291,2505,91.5,42164,15443,1087,1121,97.0,828,881,94.0,333,438,76.0,8,4.9,5.9,3.1,62,327,23,5,290,2505,2260,239,137,6,53,122,13,89,32,34,0,2291,6,13,100,4.24,61,34,0,4,1,0,11,0.47,6,5,0,0,0,0,53,35,19,25,9,24,59,40.7,35,22,4,18,17,70,11,1,2656,58,546,1641,492,13,2656,8,5,62.5,3,37.5,1758,8020,4189,32,51,1,8,6,2128,29,119,88.3,24,80,10,10,77,5,2.48,54,21,33,-0.1999999999999999,-2.6500000000000004,42.1,23.9,18.3,0.77,-0.27,0,17,38,3,122,17,35,0,0,0,144,8,4,66.7
Vinicius Junior,2324,46,4000,27,23,1984,22.0,15,5,20,14,1,1,8,0,13.1,12.3,4.2,16.6,137,57,277,0.72,0.24,0.97,0.68,0.92,0.63,0.21,0.84,0.59,0.8,22.0,15,82,40,89.4,7.470000000000001,3.33,0.18,0.37,14.6,0,1,1,0.16,1.9,1.7,499,690,72.3,7273,1443,312,370,84.3,115,171,67.3,43,76,56.6,5,4.2,4.4,0.8,30,37,20,2,57,690,663,22,4,10,22,64,7,5,0,0,0,499,5,34,79,3.81,43,1,19,8,6,2,10,0.48,5,0,1,3,0,1,18,13,5,5,8,3,12,25.0,9,13,0,13,1,19,3,2,1058,2,51,290,733,193,1057,176,65,36.9,95,54.0,797,6384,3440,137,74,88,71,40,888,277,192,111.6,23,200,8,4,26,3,2.62,50,16,34,0.24,-3.21,39.3,19.3,20.0,0.96,0.19,0,26,55,10,64,1,13,0,0,0,44,1,7,12.5
Vitinha,2324,115,10000,62,42,3939,43.8,12,6,18,12,0,0,4,0,9.3,9.3,6.1,15.6,66,209,227,1.22,0.37,1.59,1.22,1.59,0.99,0.45,1.4500000000000002,0.99,1.4500000000000002,43.8,12,110,36,132.2,15.81,4.7700000000000005,0.38,1.1,48.0,1,0,0,0.29,2.6999999999999997,2.6999999999999997,1852,2127,219.7,29813,7429,937,1022,248.4,704,779,229.0,134,178,168.89999999999998,6,6.1,6.6000000000000005,-0.1,57,170,43,6,209,2127,2003,116,43,8,12,77,16,21,9,3,0,1852,8,41,124,9.48,94,8,8,3,9,2,20,1.18,15,1,1,2,1,0,55,41,16,21,18,20,62,108.3,42,42,13,29,37,83,40,2,2572,77,382,1261,959,143,2572,96,51,131.5,42,146.5,2035,10402,4214,66,85,24,80,43,1942,227,334,286.3,42,423,26,20,65,6,9.93,91,40,51,4.35,-4.96,72.7,42.8,29.799999999999997,1.65,0.59,0,56,53,10,77,37,41,0,0,0,202,23,55,88.3
William Saliba,2324,44,4002,39,39,3510,39.0,2,1,3,2,0,0,5,0,1.6,1.6,0.2,1.8,16,157,6,0.05,0.03,0.08,0.05,0.08,0.04,0.01,0.05,0.04,0.05,39.0,2,10,3,30.0,0.26,0.08,0.2,0.67,10.5,0,0,0,0.16,0.4,0.4,2635,2851,92.4,43599,15948,1202,1274,94.3,1298,1373,94.5,104,150,69.3,1,0.2,0.9,0.8,6,175,6,1,157,2851,2794,55,33,3,2,3,7,0,0,0,0,2635,2,11,29,0.76,26,0,1,2,0,0,3,0.08,3,0,0,0,0,0,41,27,28,12,1,20,27,74.1,7,32,17,15,29,70,81,3,3093,223,1239,1720,142,15,3093,15,10,66.7,4,26.7,1992,9002,5201,16,22,1,22,13,2297,6,180,200.0,39,180,39,0,0,0,2.34,91,31,60,-0.3700000000000001,0.0,76.1,27.9,48.2,1.27,0.0,0,24,17,0,3,29,27,0,1,0,213,72,49,59.5
Alex Grimaldo,2324,54,3990,39,36,3235,35.9,10,14,24,10,0,0,2,0,5.7,5.7,9.1,14.8,77,162,261,0.32,0.62,0.94,0.32,0.94,0.18,0.3,0.48,0.18,0.48,35.9,10,84,26,55.5,4.89,1.34,0.14,0.43,21.7,18,0,0,0.08,4.3,4.3,1762,2148,82.0,24881,6698,1116,1208,92.4,500,606,82.5,88,200,44.0,14,9.1,11.1,3.9,78,79,71,22,162,2148,1801,338,35,5,11,233,192,111,60,17,1,1762,9,49,131,4.23,88,29,5,5,3,1,21,0.68,13,3,1,2,2,0,45,27,26,10,9,30,55,54.5,25,32,7,25,29,67,41,0,2465,60,429,940,1112,106,2465,48,20,41.7,23,47.9,1346,6006,3113,77,56,15,50,18,1681,261,159,174.5,36,174,29,3,40,0,5.640000000000001,98,26,72,5.5,1.59,65.3,26.1,39.2,1.27,-0.22,0,15,27,3,233,29,27,1,0,0,168,12,19,38.7
Achraf Hakimi,2425,50,3996,30,28,2472,27.5,5,7,12,5,0,0,4,0,2.9,2.9,6.2,9.1,93,183,273,0.39,0.48,0.88,0.39,0.88,0.13,0.27,0.4,0.13,0.4,27.5,5,41,16,81.9,3.3899999999999997,1.41,0.24,0.5800000000000001,19.2,5,0,0,0.09,1.1,1.1,1898,2140,88.7,26053,7482,1187,1266,93.8,573,644,89.0,63,96,65.6,7,6.2,5.3,-0.2,50,138,37,9,183,2140,1949,188,34,2,8,92,150,4,0,1,0,1898,3,32,104,4.53,91,3,4,1,3,2,11,0.48,10,0,1,0,0,0,48,39,18,20,10,27,55,49.1,28,25,2,23,32,79,18,3,2371,40,430,980,974,81,2371,52,26,50.0,21,40.4,1384,6012,3501,93,57,21,38,15,1817,273,164,138.7,28,175,23,2,62,2,5.24,79,23,56,4.4,0.56,64.6,20.1,44.6,1.94,0.75,0,27,28,13,92,32,39,0,0,0,136,9,12,42.9
Alexis Mac Allister,2425,25,1998,35,30,2599,28.9,5,5,10,5,0,0,6,0,2.8,2.8,4.7,7.5,36,177,80,0.17,0.17,0.35,0.17,0.35,0.1,0.16,0.26,0.1,0.26,28.9,5,38,13,34.2,1.32,0.45,0.13,0.38,18.1,1,0,0,0.07,2.2,2.2,1273,1524,83.5,20344,5748,658,729,90.3,493,558,88.4,89,160,55.6,5,4.7,5.6,0.3,45,122,35,2,177,1524,1403,116,35,6,3,86,9,71,26,36,0,1273,5,31,120,4.15,83,24,2,6,2,3,15,0.52,10,3,0,2,0,0,95,58,28,51,16,55,104,52.9,49,61,6,55,22,117,29,1,1860,56,284,960,637,60,1860,42,16,38.1,21,50.0,915,3782,2018,36,43,5,31,22,1228,80,74,76.0,30,82,17,5,26,1,2.34,69,24,45,1.56,1.56,64.2,24.3,39.9,1.38,0.98,0,62,40,2,86,22,58,0,0,0,148,19,34,35.8
Cole Palmer,2425,65,6006,43,37,3430,38.2,16,9,25,12,4,5,7,0,17.5,13.5,11.0,24.5,126,230,204,1.02,0.83,1.86,0.91,1.75,0.66,0.45,1.1,0.55,0.99,38.2,16,127,47,136.4,8.22,3.45,0.42,0.75,39.5,12,4,5,0.1699999999999999,-1.4999999999999998,-1.4999999999999998,1199,1559,151.7,22554,5907,499,579,174.0,496,591,156.9,176,296,102.8,9,11.0,9.5,-2.0,89,169,71,17,230,1559,1343,207,47,23,14,155,23,76,49,6,0,1199,9,48,205,8.73,136,22,16,21,8,2,16,1.43,12,0,2,1,1,0,36,21,13,10,13,13,29,94.4,16,17,1,16,12,47,21,1,1953,25,156,857,965,150,1948,123,52,55.1,54,120.7,1234,8333,4006,126,79,43,73,38,1442,204,206,164.9,37,178,27,6,62,3,3.46,69,44,25,2.04,-2.24,66.8,46.1,20.7,0.5599999999999999,0.8,0,17,64,8,155,12,21,1,0,0,111,2,7,22.2
Declan Rice,2425,75,5997,43,40,3563,39.6,4,8,12,4,0,0,7,1,3.9,3.9,6.699999999999999,10.6,95,231,108,0.13,0.35,0.48,0.13,0.48,0.16,0.2299999999999999,0.39,0.16,0.39,39.6,4,57,17,62.5,2.7,0.8400000000000001,0.08,0.29,39.8,2,0,0,0.11,0.0999999999999999,0.0999999999999999,1860,2180,174.7,31476,8156,906,979,186.2,756,828,184.0,155,284,135.2,8,6.699999999999999,6.1,1.3,63,185,40,8,231,2180,1952,220,82,6,22,171,5,108,94,3,0,1860,8,21,126,5.68,75,33,4,7,5,2,12,0.61,8,2,1,1,0,0,72,40,33,31,8,22,49,104.0,27,32,14,18,33,105,61,0,2552,104,450,1268,855,92,2552,37,20,123.3,16,73.3,1391,8281,4106,95,67,16,43,38,1718,108,228,222.6,40,183,30,3,71,1,4.62,64,34,30,1.15,-0.17,54.8,34.0,20.8,0.5299999999999999,0.0,1,26,19,2,171,33,40,0,0,0,193,45,31,116.8
Denzel Dumfries,2425,83,5988,36,25,2499,27.8,7,2,9,7,0,0,7,0,5.7,5.7,3.9,9.5,62,70,215,0.32,0.09,0.41,0.32,0.41,0.3,0.29,0.5900000000000001,0.3,0.5900000000000001,27.8,7,40,19,52.8,2.46,0.87,0.19,0.37,21.3,0,0,0,0.22,1.3,1.3,823,1102,153.8,13361,3913,426,494,174.3,331,452,154.0,55,100,100.9,2,3.9,3.3,-1.9,26,36,25,12,70,1102,897,201,5,2,5,79,196,0,0,0,0,823,4,35,64,4.33,44,7,3,4,4,2,4,0.18,2,0,0,1,1,0,32,24,16,9,7,18,34,109.0,16,36,10,26,10,41,32,1,1350,45,241,557,567,109,1350,52,15,57.5,32,119.3,715,3305,1542,62,29,18,30,18,869,215,205,166.7,25,175,20,11,76,5,7.029999999999999,55,27,28,3.7,3.68,47.2,26.6,20.6,1.07,-0.39,0,66,24,7,79,10,24,2,1,0,80,64,23,134.3
Desire Doue,2425,38,4010,37,24,2201,24.4,10,11,21,10,0,0,1,0,5.1,5.1,7.8,13.0,97,139,232,1.07,1.27,2.34,1.07,2.34,0.27,0.41,0.67,0.27,0.67,24.4,10,80,27,64.4,7.640000000000001,2.38,0.27,0.8699999999999999,17.9,0,0,0,0.09,0.9,0.9,933,1133,82.3,13916,3351,518,570,90.9,330,399,82.7,48,88,54.5,11,7.8,5.7,-1.8,55,83,51,16,139,1133,1066,66,11,8,7,102,24,23,8,5,1,933,1,21,109,5.66,84,1,14,4,5,1,24,1.25,15,0,4,1,3,1,48,38,15,19,14,24,51,47.1,27,26,0,26,14,61,7,0,1461,4,137,646,701,123,1461,129,57,44.2,61,47.3,899,5730,3076,97,50,47,54,37,1164,232,135,139.1,24,154,7,13,29,1,5.15,69,26,43,4.04,-0.51,49.2,17.5,31.6,1.64,-0.12,0,33,50,3,102,14,38,2,0,0,93,8,10,44.4
Erling Haaland,2425,48,4000,34,33,2918,32.4,23,4,27,20,3,5,2,0,22.0,18.8,3.0,21.8,24,20,124,1.21,0.59,1.81,1.11,1.71,0.72,0.1,0.82,0.62,0.72,32.4,23,114,60,102.9,8.370000000000001,4.28,0.28,0.55,12.3,1,3,5,0.19,0.0,0.2,255,381,66.9,3086,593,175,246,71.1,59,84,70.2,4,6,66.7,4,3.0,2.0,0.0,29,10,8,1,20,381,372,7,0,1,0,3,1,0,0,0,0,255,2,10,71,2.34,51,0,8,10,2,0,9,0.3,6,0,2,1,0,0,11,6,3,3,5,3,8,37.5,5,12,1,11,5,16,23,0,639,22,40,222,384,190,635,36,13,36.1,20,55.6,310,1494,577,24,15,23,45,27,478,124,149,113.7,33,163,26,1,32,2,3.77,61,40,21,1.15,-2.91,56.2,40.5,15.7,0.52,-0.1,0,25,13,4,3,5,6,0,0,0,34,57,50,53.3
Fabian Ruiz Pena,2425,83,5988,42,32,2848,31.7,6,7,13,6,0,0,2,0,6.0,6.0,5.7,11.6,65,252,108,0.52,0.56,1.09,0.52,1.09,0.48,0.38,0.86,0.48,0.86,31.7,6,66,20,96.5,6.24,2.03,0.21,0.66,39.9,0,0,0,0.2,0.0,0.0,1850,2069,178.3,30133,7773,940,1016,184.7,728,785,185.1,131,170,154.0,7,5.7,5.8,1.3,46,201,42,3,252,2069,2004,61,45,9,18,39,11,3,0,0,0,1850,4,34,108,7.33,95,0,4,6,1,2,19,1.48,15,0,2,1,0,1,46,41,18,15,13,27,57,104.7,30,28,3,25,24,66,32,2,2298,57,316,1331,667,74,2298,37,26,140.6,11,59.4,1364,6935,3620,65,55,10,27,24,1829,108,218,212.1,32,246,19,10,36,3,8.07,82,30,52,5.82,0.05,65.39999999999999,26.7,38.7,2.33,-0.81,0,11,16,6,39,24,41,0,0,0,181,6,9,88.5
Florian Wirtz,2425,62,6009,40,30,2885,32.0,12,13,25,10,2,4,6,0,10.0,6.699999999999999,7.8,14.5,148,196,343,1.03,0.81,1.84,0.96,1.77,0.59,0.54,1.13,0.46,1.0,32.0,12,90,39,97.3,8.23,2.66,0.36,0.9,40.0,1,2,4,0.16,2.0,3.3,1538,1939,166.7,20722,5637,981,1113,180.1,415,551,159.4,72,138,111.9,13,7.8,10.2,4.2,64,104,68,8,196,1939,1797,131,25,28,9,116,54,44,17,4,0,1538,11,42,160,10.0,117,8,24,6,4,1,26,0.99,18,0,4,3,1,0,35,24,10,14,11,10,25,74.19999999999999,15,35,3,32,15,46,7,1,2317,11,147,909,1290,149,2313,179,91,124.1,82,72.3,1359,8049,4124,148,85,57,63,51,1814,343,196,188.0,30,257,19,10,94,0,6.9399999999999995,67,37,30,2.36,-1.4700000000000002,49.8,30.0,19.8,1.82,0.5,0,29,43,14,116,15,24,1,0,0,130,10,40,40.0
Gianluigi Donnarumma,2425,49,3998,28,28,2451,27.2,0,0,0,0,0,0,3,0,0.0,0.0,0.0,0.0,0,0,0,0.0,0.0,0.0,0.0,0.0,0.0,0.0,0.0,0.0,0.0,27.2,0,0,0,0.0,0.0,0.0,0.0,0.0,0.0,0,0,0,0.0,0.0,0.0,639,734,172.6,14118,8304,141,141,200.0,376,380,198.8,120,211,113.0,0,0.0,0.0,0.0,0,4,0,0,0,734,589,145,40,0,0,0,0,0,0,0,0,639,0,0,2,0.09,1,1,0,0,0,0,0,0.0,0,0,0,0,0,0,1,1,1,0,0,1,2,50.0,1,0,0,0,0,1,16,0,794,661,781,13,0,0,794,0,0,0.0,0,0.0,424,2074,1232,0,0,0,0,0,423,0,177,168.3,28,177,27,0,0,7,3.46,65,30,35,1.09,-0.27,66.2,24.5,41.7,1.5100000000000002,0.5,0,0,4,0,0,0,1,0,0,0,44,5,0,200.0
Joao Neves,2425,57,6012,36,28,2356,26.2,4,8,12,4,0,0,2,0,3.1,3.1,4.0,7.1,36,152,83,0.36,0.39,0.75,0.36,0.75,0.21,0.2,0.4,0.21,0.4,26.2,4,33,13,89.3,3.37,0.95,0.36,0.77,35.099999999999994,0,0,0,0.16,-0.1,-0.1,1559,1708,183.1,24855,5613,829,879,187.7,590,632,188.5,104,133,177.7,8,4.0,4.0,4.0,33,136,22,2,152,1708,1610,95,36,11,17,18,48,0,0,0,0,1559,3,15,71,6.83,59,1,3,2,3,3,14,0.68,14,0,0,0,0,0,63,40,20,26,17,27,45,60.0,18,30,9,21,30,91,22,1,1935,47,330,1103,519,56,1935,32,17,103.3,12,86.7,1072,5148,2402,36,45,3,26,17,1458,83,190,151.7,28,239,14,8,23,7,6.62,78,30,48,2.16,-2.15,53.6,22.5,31.1,0.92,-2.16,0,26,36,4,18,30,40,0,0,0,131,21,13,63.6
Jude Bellingham,2425,62,6009,42,39,3518,39.0,12,10,22,11,1,2,8,2,12.0,10.5,4.3,14.8,100,235,179,0.8500000000000001,0.6699999999999999,1.51,0.81,1.48,0.5,0.2,0.7000000000000001,0.4499999999999999,0.65,39.0,12,77,30,132.2,5.73,2.45,0.55,1.23,29.299999999999997,0,1,2,0.28,-1.0,-0.5,1644,1911,171.8,26193,5651,894,979,183.4,582,665,173.5,132,166,162.2,10,4.3,5.6,4.699999999999999,48,158,36,0,235,1911,1846,54,24,25,22,29,14,1,0,0,0,1644,11,35,124,6.47,102,1,5,9,3,4,17,1.03,15,0,0,1,1,0,76,49,23,32,21,30,51,88.9,21,44,3,41,34,108,30,2,2324,41,287,1144,923,144,2322,112,58,100.6,43,77.8,1529,7942,3736,100,82,23,66,54,1908,179,266,226.9,39,290,26,3,59,1,5.65,79,46,33,2.03,-1.13,60.3,39.8,20.5,0.65,-0.0099999999999999,0,44,94,11,29,34,49,1,0,0,124,37,44,84.2
Khvicha Kvaratskhelia,2425,114,10005,39,33,2722,30.299999999999997,10,6,16,9,1,1,1,0,8.399999999999999,7.699999999999999,9.2,16.8,140,110,239,1.03,0.52,1.5599999999999998,0.96,1.48,0.9,0.92,1.82,0.8400000000000001,1.76,30.299999999999997,10,101,37,160.10000000000002,16.37,5.89,0.37,1.02,62.599999999999994,5,1,1,0.34,1.6,1.2999999999999998,888,1094,241.1,13473,3470,525,573,275.4,274,324,262.5,62,123,124.9,6,9.2,7.3,-3.1999999999999997,61,66,48,9,110,1094,977,111,23,12,8,109,18,65,34,17,0,888,6,29,130,13.659999999999998,90,14,12,5,6,3,14,1.25,10,0,3,1,0,0,38,31,8,26,4,20,44,133.2,24,22,2,20,6,44,13,0,1457,8,105,567,814,156,1456,155,55,110.3,82,155.5,927,6982,3829,140,105,70,49,52,1115,239,364,230.8,33,435,12,6,58,4,10.74,56,24,32,6.42,0.8300000000000003,48.2,28.3,20.0,0.7699999999999996,3.11,0,29,63,0,109,6,31,0,0,0,85,7,16,81.9
Kylian Mbappe,2425,75,5994,43,40,3607,40.099999999999994,34,4,38,26,8,10,4,1,28.799999999999997,20.700000000000003,8.4,29.1,178,167,441,1.91,0.28,2.2,1.5,1.79,1.37,0.37,1.73,0.99,1.35,40.099999999999994,34,186,87,120.5,13.36,5.4,0.3399999999999999,0.8200000000000001,34.7,4,8,10,0.21,3.1999999999999997,3.3000000000000003,1107,1327,169.7,16078,2913,671,756,180.5,295,344,172.1,76,93,172.8,4,8.4,7.6,-4.4,54,88,62,4,167,1327,1248,73,4,6,24,42,13,8,1,1,0,1107,6,37,160,9.36,99,3,31,18,9,0,16,0.65,9,1,2,3,1,0,9,5,2,3,4,1,7,20.0,6,7,1,6,1,10,1,1,1810,2,46,498,1283,359,1800,221,100,94.4,106,92.8,1259,8259,4448,178,109,116,90,55,1563,441,238,203.9,40,257,25,3,53,1,5.59,80,40,40,2.44,0.37,76.3,39.7,36.599999999999994,1.59,0.98,0,27,49,46,42,1,5,3,0,0,46,6,6,140.0
Lamine Yamal,2425,50,6021,47,42,3821,42.4,12,22,34,12,0,0,4,0,11.6,11.6,16.7,28.4,212,183,476,0.8500000000000001,2.0999999999999996,2.94,0.8500000000000001,2.94,0.64,0.94,1.58,0.64,1.58,42.4,12,181,62,118.2,11.46,4.45,0.2299999999999999,0.56,40.0,3,0,0,0.17,-1.6,-1.6,1319,1758,151.89999999999998,18460,5184,827,955,175.5,372,507,149.3,63,141,88.6,22,16.7,13.6,0.2999999999999999,83,83,107,19,183,1758,1685,64,7,35,4,141,25,32,12,0,0,1319,9,66,219,11.47,137,4,41,21,12,4,33,1.63,24,0,5,2,2,0,53,36,13,21,19,21,47,97.7,26,18,0,18,23,72,5,0,2379,11,122,740,1562,259,2379,349,173,87.3,146,95.0,1681,11493,5991,212,110,109,113,56,1936,476,246,240.8,42,260,24,5,60,0,8.09,123,37,86,6.15,3.24,90.9,35.6,55.3,2.62,2.48,0,44,76,23,141,23,36,2,0,0,137,2,5,58.3
Lautaro Martinez,2425,52,3994,33,32,2682,29.8,12,3,15,12,0,0,1,0,13.5,13.5,4.3,17.8,34,68,197,0.42,0.11,0.53,0.42,0.53,0.47,0.15,0.62,0.47,0.62,29.8,12,106,35,58.3,6.63,1.95,0.12,0.35,13.8,0,0,0,0.13,-1.5,-1.5,472,634,74.4,7494,1609,264,324,81.5,152,198,76.8,41,56,73.2,3,4.3,4.3,-1.3,36,41,22,1,68,634,596,30,3,9,10,13,2,0,0,0,0,472,8,21,77,2.7,58,0,2,12,4,1,8,0.28,5,0,1,2,0,0,30,16,10,12,8,13,25,52.0,12,21,3,18,10,40,15,0,981,15,84,413,494,162,981,47,17,36.2,25,53.2,625,2739,1101,34,27,12,70,54,754,197,142,107.8,32,173,16,1,28,2,3.5,58,30,28,-1.2,-4.06,48.7,25.8,23.0,0.81,0.01,0,43,45,24,13,10,16,0,0,0,73,35,38,47.9
Michael Olise,2425,44,4002,36,29,2438,27.1,12,16,28,12,0,0,3,0,9.7,9.7,12.0,21.7,119,184,381,0.46,1.45,1.91,0.46,1.91,0.38,0.46,0.84,0.38,0.84,27.1,12,88,36,41.9,5.05,1.39,0.14,0.33,17.6,7,0,0,0.11,2.3,2.3,1290,1585,81.4,19018,5660,809,881,91.8,397,474,83.8,67,143,46.9,16,12.0,12.5,3.0,90,89,111,13,184,1585,1451,128,14,25,7,136,41,72,45,3,0,1290,6,44,169,6.51,121,17,15,7,9,0,25,0.96,13,3,2,3,4,0,36,24,10,21,5,17,38,44.7,21,23,1,22,8,44,16,2,1957,18,107,665,1208,148,1957,151,72,47.7,60,39.7,1305,7418,3808,119,69,46,59,29,1556,381,121,114.8,29,168,11,7,38,1,3.91,72,24,48,2.68,-3.06,61.1,20.4,40.7,1.57,-0.35,0,23,69,5,136,8,24,2,0,0,105,11,12,47.8
Mohamed Salah,2425,32,1992,38,38,3371,37.5,29,18,47,20,9,9,1,0,25.2,18.2,14.2,32.4,155,144,488,0.77,0.48,1.25,0.53,1.01,0.67,0.38,1.05,0.49,0.87,37.5,29,121,50,41.3,3.23,1.33,0.17,0.4,14.5,1,9,9,0.15,3.8,1.8,892,1263,70.6,13343,3919,501,601,83.4,302,433,69.7,59,100,59.0,18,14.2,9.1,3.8,88,53,93,15,144,1263,1227,30,7,19,3,79,23,0,0,0,0,892,6,62,169,4.51,123,2,22,14,5,3,27,0.72,20,0,5,2,0,0,21,11,7,5,9,8,17,47.1,9,12,0,12,9,30,5,0,1695,11,97,500,1119,356,1686,137,58,42.3,72,52.6,1150,6909,3700,155,59,127,116,67,1407,488,89,98.6,38,89,29,0,0,0,2.21,85,40,45,1.2,1.2,81.6,38.1,43.5,1.16,1.05,0,25,39,18,79,9,11,0,0,0,101,9,14,39.1
Nico Williams,2425,65,6006,37,29,2639,29.4,8,6,14,8,0,0,1,0,5.2,5.2,5.1,10.3,150,90,321,1.2,0.41,1.6,1.2,1.6,0.37,0.4599999999999999,0.83,0.37,0.83,29.4,8,68,24,129.2,6.23,2.6,0.6,1.4300000000000002,33.7,1,0,0,0.1699999999999999,1.8,1.8,676,925,151.9,10407,2465,402,464,178.10000000000002,197,265,147.3,56,120,97.4,6,5.1,6.300000000000001,0.9,53,27,44,12,90,925,836,84,11,1,5,152,12,61,26,21,0,676,5,41,138,9.81,84,20,22,3,6,3,15,0.96,10,2,2,0,1,0,31,21,10,12,9,12,37,54.4,25,25,1,24,8,38,10,0,1344,8,100,398,877,140,1344,223,81,72.5,125,113.9,885,6829,3723,150,71,68,70,57,977,321,227,204.8,29,254,15,8,87,1,5.33,46,22,24,1.91,0.7300000000000001,40.7,25.700000000000003,15.0,1.5,1.01,0,26,40,15,152,8,21,0,0,0,119,13,20,79.3
Nuno Mendes,2425,65,6006,33,26,2455,27.3,1,4,5,1,0,0,3,0,2.4000000000000004,2.4000000000000004,5.0,7.4,69,158,133,0.05,0.41,0.4599999999999999,0.05,0.4599999999999999,0.1699999999999999,0.28,0.45,0.1699999999999999,0.45,27.3,1,27,11,109.6,2.52,0.91,0.05,0.11,39.5,1,0,0,0.16,-1.4,-1.4,1615,1853,175.10000000000002,27856,7853,747,813,184.2,724,806,181.7,125,179,125.2,4,5.0,4.199999999999999,-2.0,33,155,36,14,158,1853,1652,198,41,3,29,89,148,9,5,3,0,1615,3,25,80,5.88,59,6,5,4,4,2,7,0.5700000000000001,6,1,0,0,0,0,42,27,22,15,5,29,50,113.5,21,31,10,21,30,65,48,2,2130,67,464,1133,554,51,2130,74,38,91.8,35,106.3,1268,6164,4010,69,51,15,33,30,1531,133,247,200.2,26,277,19,7,69,5,6.98,64,22,42,4.3,0.1699999999999999,56.599999999999994,17.2,39.3,2.8899999999999997,0.8,0,21,35,2,89,30,27,1,1,0,122,25,16,124.4
Ousmane Dembele,2425,80,5991,38,27,2420,26.9,24,7,31,23,1,1,2,0,17.1,16.3,9.4,25.7,159,151,298,1.91,0.5800000000000001,2.49,1.86,2.4400000000000004,1.01,0.75,1.76,0.97,1.72,26.9,24,125,59,106.4,12.72,5.26,0.35,0.74,35.4,0,1,1,0.23,3.9,3.7,963,1244,146.6,15519,4150,519,613,168.0,329,406,150.2,88,137,118.6,7,9.4,8.1,-3.4000000000000004,77,99,63,5,151,1244,1140,96,13,15,11,141,5,64,17,24,0,963,8,45,137,13.06,90,22,12,7,5,1,17,1.32,12,0,1,2,2,0,19,10,0,12,7,7,15,133.3,8,10,0,10,10,29,4,2,1551,4,60,553,952,186,1550,127,57,91.1,62,88.1,1037,7509,4326,159,105,78,49,32,1288,298,214,177.5,27,252,8,11,108,3,6.18,69,22,47,3.99,-0.95,59.1,20.6,38.400000000000006,2.71,0.98,0,18,22,13,141,10,10,2,0,0,51,7,8,100.0
Pedri,2425,63,6006,47,45,3515,39.1,6,7,13,6,0,0,3,0,3.3000000000000003,3.3000000000000003,8.200000000000001,11.5,98,370,152,0.53,0.8400000000000001,1.36,0.53,1.36,0.6000000000000001,0.61,1.22,0.6000000000000001,1.22,39.1,6,37,17,144.0,4.88,2.68,0.49,1.36,35.7,0,0,0,0.27,0.7,0.7,2484,2838,177.3,41893,10411,1210,1289,185.1,974,1091,184.2,238,329,155.39999999999998,7,8.200000000000001,9.5,-2.1999999999999997,80,340,81,4,370,2838,2694,140,74,28,16,69,15,41,22,1,0,2484,4,45,181,12.9,163,8,3,2,4,1,18,1.01,16,1,1,0,0,0,67,49,15,42,10,26,74,84.3,48,45,3,42,34,94,21,1,3180,37,285,1871,1056,63,3180,66,41,85.6,24,112.8,2086,11609,5636,98,108,11,55,41,2487,152,200,191.3,45,203,16,2,21,1,7.97,101,36,65,6.49,1.1900000000000002,76.0,36.0,40.0,2.97,0.3099999999999998,0,14,60,3,69,34,49,0,0,0,264,7,6,53.8
Raphinha,2425,54,3992,41,37,3259,36.2,19,13,32,17,2,2,6,0,19.2,17.6,12.7,30.3,94,135,349,0.7799999999999999,1.15,1.93,0.72,1.86,0.61,0.4,1.01,0.56,0.96,36.2,19,131,48,77.80000000000001,7.62,2.98,0.19,0.53,19.1,18,2,2,0.16,-1.2,-1.6,1064,1497,71.1,17773,4933,557,661,84.3,358,474,75.5,113,249,45.4,13,12.7,10.1,-3.7,91,87,67,18,135,1497,1260,225,49,11,15,241,19,140,48,41,0,1064,12,36,163,5.17,101,31,8,12,10,1,22,0.7,11,2,4,2,2,1,36,22,6,19,11,19,39,48.7,20,29,2,27,13,47,26,0,1863,31,114,661,1113,183,1861,103,52,50.5,44,42.7,1016,5592,2865,94,66,46,53,29,1316,349,163,156.7,37,168,25,4,35,1,4.88,101,36,65,4.07,0.28,75.3,36.1,39.2,1.24,-0.36,0,16,43,11,241,13,22,2,0,0,94,9,6,60.0
Robert Lewandowski,2425,105,5964,39,34,2889,32.0,31,2,33,27,4,5,3,0,28.1,24.2,2.4,26.5,27,50,169,4.32,0.07,4.39,3.48,3.55,1.63,0.13,1.75,0.93,1.06,32.0,31,121,49,107.2,12.08,5.08,0.72,1.28,37.599999999999994,5,4,5,0.26,-0.1,-0.2,402,545,156.0,5132,946,256,309,182.2,95,125,143.2,15,31,98.1,2,2.4,1.6,-0.4,20,31,10,0,50,545,526,15,1,3,7,6,0,0,0,0,0,402,4,22,54,4.67,36,0,4,8,5,1,4,0.84,3,0,0,1,0,0,12,7,1,5,6,5,11,45.5,6,16,2,14,3,15,29,0,885,36,68,336,488,182,880,41,23,107.1,15,70.4,498,1894,628,27,11,16,78,45,697,169,173,140.5,34,233,16,5,78,5,5.07,79,32,47,2.73,-0.99,65.1,35.0,30.1,-0.4599999999999999,-2.71,0,37,43,19,6,3,7,0,0,0,51,38,43,68.7
Scott McTominay,2425,108,7984,41,36,3260,36.2,14,4,18,14,0,0,5,0,7.8,7.8,2.8000000000000003,10.6,58,117,137,3.4299999999999997,0.12,3.55,3.4299999999999997,3.55,0.66,0.12,0.78,0.66,0.78,36.2,14,85,35,93.4,19.31,4.07,0.66,2.36,40.2,2,0,0,0.24,5.2,5.2,829,996,251.8,13558,3272,412,471,256.4,318,366,267.2,69,96,234.6,4,2.8000000000000003,2.1,1.2,28,76,23,1,117,996,969,25,11,10,8,20,6,5,4,1,0,829,2,22,77,9.18,45,3,3,17,7,2,10,0.31,6,0,1,2,1,0,47,27,14,28,5,19,39,100.0,20,24,6,18,27,74,59,0,1429,62,261,770,423,114,1429,96,41,72.9,38,168.4,791,4475,2142,58,45,15,76,53,1015,137,203,197.5,36,179,32,5,44,0,5.48,52,30,22,-0.84,-0.86,45.8,26.700000000000003,19.1,0.4400000000000001,1.46,0,50,66,5,20,27,27,1,0,0,150,73,55,211.4
Serhou Guirassy,2425,56,3992,31,30,2718,30.2,21,4,25,18,3,4,4,0,22.7,19.6,3.9,23.5,25,43,128,0.73,0.14,0.87,0.62,0.76,0.79,0.14,0.92,0.68,0.81,30.2,21,90,34,63.4,5.98,1.89,0.21,0.55,12.1,1,3,4,0.23,-1.7,-1.6,456,627,72.7,5726,933,305,375,81.3,105,147,71.4,16,23,69.6,4,3.9,3.1,0.1,25,28,14,0,43,627,578,48,0,9,3,1,0,0,0,0,0,456,1,12,53,1.84,36,0,1,10,6,0,10,0.35,5,0,0,3,2,0,7,6,2,2,3,2,5,40.0,3,10,3,7,4,11,38,0,965,40,76,485,410,160,961,39,11,28.2,21,53.8,528,2195,904,25,22,12,76,30,747,128,207,142.0,30,209,25,1,30,0,1.57,58,50,8,-0.44,-5.58,52.8,37.1,15.7,0.54,0.03,0,18,57,12,1,4,6,2,0,0,45,109,97,52.9
Viktor Gyokeres,2425,26,1998,33,31,2804,31.2,39,7,46,27,12,12,4,0,30.8,21.4,7.1,28.5,133,68,335,1.25,0.22,1.48,0.87,1.09,0.99,0.23,1.22,0.69,0.92,31.2,39,127,66,52.0,4.08,2.12,0.21,0.41,15.6,7,12,12,0.17,8.2,5.6,506,709,71.4,6113,1128,332,429,77.4,120,165,72.7,14,21,66.7,7,7.1,6.9,-0.1,61,18,31,3,68,709,645,63,0,4,1,25,6,0,0,0,0,506,1,33,154,4.94,93,1,25,17,17,1,31,1.0,14,0,9,2,6,0,9,5,0,3,6,4,8,50.0,4,13,3,10,6,15,20,0,1141,19,33,336,789,284,1129,132,60,45.5,65,49.2,748,5364,2859,133,41,97,94,55,904,335,85,91.6,31,89,29,2,16,0,2.39,80,26,54,1.73,-0.73,66.1,21.9,44.1,1.42,-0.21,0,24,77,9,25,6,5,4,0,0,75,36,35,50.7
Vinicius Junior,2425,48,4000,36,28,2721,30.2,12,10,22,10,2,3,9,1,10.4,8.2,8.0,16.2,169,85,256,0.63,0.7,1.34,0.55,1.26,0.41,0.32,0.73,0.33,0.65,30.2,12,104,39,88.5,8.120000000000001,3.84,0.16,0.45,17.5,0,2,3,0.11,0.6,0.8,673,901,74.7,10433,2523,383,462,82.9,196,250,78.4,62,96,64.6,10,8.0,7.0,0.0,58,53,36,6,85,901,862,29,9,15,16,68,10,8,0,0,0,673,10,45,135,5.39,80,1,29,11,11,3,18,0.72,11,0,5,0,2,0,21,10,7,4,10,5,18,27.8,13,9,0,9,4,24,1,2,1264,4,75,378,839,199,1261,191,82,42.9,95,49.7,952,7763,4525,169,87,106,72,49,1059,256,153,140.2,28,185,13,8,68,0,4.27,55,33,22,1.1800000000000002,-4.24,43.8,27.0,16.8,0.67,-0.54,0,33,82,16,68,4,10,2,0,0,71,1,7,12.5
Virgil van Dijk,2425,65,3982,43,43,3870,43.0,3,1,4,3,0,0,7,0,2.7,2.7,0.7999999999999999,3.6,22,218,6,0.08,0.03,0.11,0.08,0.11,0.14,0.04,0.18,0.14,0.18,43.0,3,32,9,49.6,1.56,0.39,0.11,0.38,24.4,1,0,0,0.1699999999999999,0.3,0.3,3043,3328,182.0,55493,21760,1253,1304,191.3,1495,1572,188.0,266,393,138.4,1,0.7999999999999999,1.1,0.1999999999999999,15,309,9,0,218,3328,3071,253,97,1,22,1,8,0,0,0,0,3043,4,9,55,2.47,47,0,1,4,1,2,4,0.11,4,0,0,0,0,0,42,22,21,19,2,14,23,159.1,9,32,20,12,58,100,226,5,3752,529,1559,2026,178,54,3752,5,3,60.0,2,40.0,2126,9757,5306,22,26,3,11,5,2590,6,180,197.4,43,180,43,0,0,1,3.94,94,45,49,1.74,2.24,87.9,42.8,45.1,1.44,1.14,0,29,16,0,1,58,22,0,0,0,129,138,49,158.5
Vitinha,2425,119,10000,65,45,4224,47.0,7,4,11,5,2,2,4,0,5.6,4.0,6.0,10.2,98,271,137,0.36,0.24,0.6000000000000001,0.27,0.52,0.42,0.37,0.8,0.35,0.73,47.0,7,77,25,184.0,10.99,4.3100000000000005,0.18,0.65,66.9,3,2,2,0.2,1.4,1.0,2721,3048,243.4,47478,11079,1266,1347,268.1,1114,1200,253.4,283,364,182.6,4,6.0,6.1,-2.0,46,301,50,11,271,3048,2921,122,69,18,25,87,20,19,5,7,0,2721,5,47,126,9.02,100,6,8,5,7,0,7,0.38,5,1,1,0,0,0,69,40,25,35,9,37,81,122.1,44,43,10,33,31,97,44,2,3502,94,490,2085,962,93,3500,112,52,174.9,53,111.8,2326,12169,5860,98,98,26,88,54,2788,137,357,307.3,45,416,24,20,86,4,10.16,94,50,44,5.24,2.59,79.10000000000001,42.7,36.3,2.06,-0.85,0,40,50,8,87,31,40,0,0,0,223,32,33,69.2
